ZM 1 imOhms X,ZM 1 imOhms Y
100000000,-4873.880521894875
110000000,-4430.864786150906
120000000,-4061.692451192957
130000000,-3749.322375042341
140000000,-3481.582427462
150000000,-3249.546445003673
160000000,-3046.519844096465
170000000,-2867.383261486841
180000000,-2708.154985670826
190000000,-2565.691570315393
200000000,-2437.47826518358
210000000,-2321.47932475295
220000000,-2216.029142345832
230000000,-2118.68210532514
240000000,-2031.50064107909
250000000,-1950.312561694489
260000000,-1875.372573286981
270000000,-1805.986440394822
280000000,-1741.559104578177
290000000,-1680.904755580836
300000000,-1625.5972979058
310000000,-1573.231026428105
320000000,-1524.139955356598
330000000,-1478.026338314781
340000000,-1434.627458021359
350000000,-1393.710622141562
360000000,-1355.068993117949
370000000,-1317.691791951818
380000000,-1283.892867602663
390000000,-1251.045184149708
400000000,-1219.841727898937
410000000,-1189.489292865594
420000000,-1161.897716923483
430000000,-1134.949585008556
440000000,-1109.228042924773
450000000,-1084.092777760494
460000000,-1060.610241054268
470000000,-1038.640024763026
480000000,-1017.074533282972
490000000,-996.3907692883021
500000000,-976.535829058958
510000000,-957.4609581867659
520000000,-939.1211526109375
530000000,-921.4748048086609
540000000,-904.4833892979312
550000000,-888.1111824555272
560000000,-872.3250123457898
570000000,-856.7460424685348
580000000,-842.0534497202264
590000000,-828.1847372764803
600000000,-814.4546618056236
610000000,-800.8721569881004
620000000,-788.3267907326906
630000000,-775.8867004781936
640000000,-763.8365134912539
650000000,-752.1582342097064
660000000,-740.834957718272
670000000,-729.8507883475255
680000000,-719.1907654652476
690000000,-708.8407957247606
700000000,-698.7875911143082
710000000,-689.0186122438574
720000000,-679.522016351444
730000000,-670.2866095956232
740000000,-660.8893086191774
750000000,-652.5575731610179
760000000,-644.044422991536
770000000,-635.7533495737985
780000000,-627.6758114715096
790000000,-619.8036997298328
800000000,-612.1293108420207
810000000,-604.6453217178864
820000000,-597.008972655664
830000000,-590.2210150069162
840000000,-583.2677528211567
850000000,-576.4789626428211
860000000,-569.8489070568129
870000000,-563.3721124366525
880000000,-557.0433539540126
890000000,-550.8576416052501
900000000,-544.5315890475121
910000000,-538.8964919985709
920000000,-532.8455335974063
930000000,-527.4529652948141
940000000,-521.914985548605
950000000,-516.4943693374909
960000000,-511.1874490283237
970000000,-505.7509621537545
980000000,-500.9007740660688
990000000,-495.9144099570002
1000000000,-491.0285087713114
1010000000,-486.2400864364162
1020000000,-481.5462758989641
1030000000,-476.9443214511484
1040000000,-472.4315733697007
1050000000,-467.8009948994455
1060000000,-463.6635973580463
1070000000,-459.4035559120667
1080000000,-455.2230850571522
1090000000,-451.119994747072
1100000000,-447.0921745729424
1110000000,-443.1375901779442
1120000000,-439.2542798562444
1130000000,-435.4403513437258
1140000000,-431.5206255817805
1150000000,-427.8430622261147
1160000000,-424.2295132027084
1170000000,-420.8428743348936
1180000000,-417.3496967569282
1190000000,-413.756820023427
1200000000,-410.5398379503827
1210000000,-407.2202393571163
1220000000,-403.8044008463092
1230000000,-400.7447661410213
1240000000,-397.5862507347641
1250000000,-394.4788593603579
1260000000,-391.4213747391065
1270000000,-388.4126179338346
1280000000,-385.4514468421795
1290000000,-382.4015480330522
1300000000,-379.6674691198237
1310000000,-376.8425499700759
1320000000,-374.0609889612386
1330000000,-371.3218080478334
1340000000,-368.6240583765447
1350000000,-365.8434330854697
1360000000,-363.3491968885102
1370000000,-360.7703238441725
1380000000,-358.2293576565971
1390000000,-355.7254801438432
1400000000,-353.2578965004765
1410000000,-350.82583447138
1420000000,-348.4285435486173
1430000000,-346.0652942199885
1440000000,-343.7353772345007
1450000000,-341.4381029085692
1460000000,-339.1728004506903
1470000000,-336.938817321139
1480000000,-334.5305207082998
1490000000,-332.5622864756726
1500000000,-330.4185195145403
1510000000,-328.3036322762788
1520000000,-326.2170547120991
1530000000,-324.1582316738487
1540000000,-322.1266224325464
1550000000,-320.1217002120982
1560000000,-318.1429517430428
1570000000,-316.1898768295475
1580000000,-314.2619879414952
1590000000,-312.3588098106801
1600000000,-310.4798790482419
1610000000,-308.6247437795118
1620000000,-306.7929632849367
1630000000,-304.9841076588723
1640000000,-303.0310911180433
1650000000,-301.4335034963309
1660000000,-299.6909463108019
1670000000,-297.9696960961081
1680000000,-296.2693723051962
1690000000,-294.5896033942676
1700000000,-292.9300265636716
1710000000,-291.2902874971698
1720000000,-289.6700401181707
1730000000,-288.068946350173
1740000000,-286.4866758872952
1750000000,-284.7767162733248
1760000000,-283.3773211868752
1770000000,-281.8496132304045
1780000000,-280.3394807357107
1790000000,-278.8466290686736
1800000000,-277.2326705841652
1810000000,-275.9116222244747
1820000000,-274.468909790919
1830000000,-273.0423633264749
1840000000,-271.4996220365156
1850000000,-270.2367193923253
1860000000,-268.8571115590344
1870000000,-267.4926486684289
1880000000,-266.14308896596
1890000000,-264.8081958100749
1900000000,-263.4877375409366
1910000000,-262.1814873492434
1920000000,-260.8892231486679
1930000000,-259.6107274564381
1940000000,-258.2271034949988
1950000000,-256.9767390580957
1960000000,-255.8557431458334
1970000000,-254.6302346018692
1980000000,-253.4174721442474
1990000000,-252.1045399745225
2000000000,-251.0294203627706
2010000000,-249.8537579906105
2020000000,-248.6900954192942
2030000000,-247.5382552191338
2040000000,-246.3980634371823
2050000000,-245.2693495149363
2060000000,-244.1519462043624
2070000000,-243.0456894861051
2080000000,-241.950418496162
2090000000,-240.8659754472653
2100000000,-239.6911256041818
2110000000,-238.7289569706266
2120000000,-237.6760807061977
2130000000,-236.633430572449
2140000000,-235.6008631111875
2150000000,-234.5782375308744
2160000000,-233.5654156467235
2170000000,-232.5622618198651
2180000000,-231.5686428997444
2190000000,-230.5844281631926
2200000000,-229.6094892667834
2210000000,-228.5525653626469
2220000000,-227.6869371681864
2230000000,-226.7390786761742
2240000000,-225.8000053426931
2250000000,-224.8695999232477
2260000000,-223.9477472449056
2270000000,-223.0343341638574
2280000000,-222.0437059036318
2290000000,-221.1475975157932
2300000000,-220.2595911383463
2310000000,-219.4628834611965
2320000000,-218.5074650503752
2330000000,-217.7249957400849
2340000000,-216.8676531203283
2350000000,-215.9374667670606
2360000000,-215.1756781943702
2370000000,-214.3408540005896
2380000000,-213.4349484049169
2390000000,-212.6930644653905
2400000000,-211.8799167232585
2410000000,-211.0738145851692
2420000000,-210.2746705830739
2430000000,-209.4072455869281
2440000000,-208.6223863077124
2450000000,-207.9181341343155
2460000000,-207.1459763454251
2470000000,-206.3803603589539
2480000000,-205.6212069103737
2490000000,-204.8684380076817
2500000000,-204.121976905778
2510000000,-203.3817480807793
2520000000,-202.6476772063386
2530000000,-201.9196911299427
2540000000,-201.1977178499661
2550000000,-200.4816864922481
2560000000,-199.7715272889738
2570000000,-199.0671715578993
2580000000,-198.3020231825912
2590000000,-197.6756010747935
2600000000,-196.9882541925477
2610000000,-196.30644648106
2620000000,-195.6301143748293
2630000000,-194.9591952721858
2640000000,-194.2936275196438
2650000000,-193.63335039289
2660000000,-192.9783040798177
2670000000,-192.328429661158
2680000000,-191.6836690983531
2690000000,-191.0439652127605
2700000000,-190.3486180204163
2710000000,-189.7795029723079
2720000000,-189.1546344283894
2730000000,-188.4753090677531
2740000000,-187.9193530394288
2750000000,-187.3088347614446
2760000000,-186.7029957427779
2770000000,-186.1017851529941
2780000000,-185.5051528918055
2790000000,-184.9130495749814
2800000000,-184.3254265230171
2810000000,-183.7422357478922
2820000000,-183.1634299408932
2830000000,-182.4787922524843
2840000000,-182.0187873212122
2850000000,-181.4528591806643
2860000000,-180.8911333306504
2870000000,-180.333565683663
2880000000,-179.7801127633052
2890000000,-179.2307316942714
2900000000,-178.6853801900151
2910000000,-178.1440165455229
2920000000,-177.6065996244766
2930000000,-177.0730888502834
2940000000,-176.5434442002417
2950000000,-176.0176261883267
2960000000,-175.3950704337421
2970000000,-174.9773148004863
2980000000,-174.4627450825142
2990000000,-173.9518493023303
3000000000,-173.4445905502066
3010000000,-172.9409324045
3020000000,-172.4408389254878
3030000000,-171.9442746455437
3040000000,-171.4512045630699
3050000000,-170.9615941347579
3060000000,-170.4754092658448
3070000000,-169.9926163058567
3080000000,-169.5131820396892
3090000000,-168.9449907086662
3100000000,-168.5642588640912
3110000000,-168.094705639741
3120000000,-167.6283824661797
3130000000,-167.1652582033311
3140000000,-166.7053021067778
3150000000,-166.2484838212027
3160000000,-165.7947733739151
3170000000,-165.3441411692082
3180000000,-164.8965579825433
3190000000,-164.4519949546562
3200000000,-164.0104235848839
3210000000,-163.5718157272877
3220000000,-163.1361435834688
3230000000,-162.7033796988217
3240000000,-162.2734969560191
3250000000,-161.8464685693637
3260000000,-161.4222680820264
3270000000,-161.00086935859
3280000000,-160.5007246002044
3290000000,-160.1663742436964
3300000000,-159.7532271500401
3310000000,-159.3427804050231
3320000000,-158.9350094135481
3330000000,-158.5298898740403
3340000000,-158.1273977745892
3350000000,-157.7275093894275
3360000000,-157.3302012730917
3370000000,-156.9354502572455
3380000000,-156.5432334471331
3390000000,-156.1535282162361
3400000000,-155.7663122030621
3410000000,-155.3815633068587
3420000000,-154.999259685137
3430000000,-154.6193797477186
3440000000,-154.2419021547758
3450000000,-153.8668058123819
3460000000,-153.4940698689567
3470000000,-153.1236737129439
3480000000,-152.7555969676291
3490000000,-152.3898194887022
3500000000,-151.9549157131142
3510000000,-151.6650828956637
3520000000,-151.306084624321
3530000000,-150.9493073003557
3540000000,-150.5947318919655
3550000000,-150.242339580701
3560000000,-149.8921117587244
3570000000,-149.5440300250749
3580000000,-149.1980761838885
3590000000,-148.7864300155343
3600000000,-148.4450616132858
3610000000,-148.17280305267
3620000000,-147.8351828031355
3630000000,-147.4996024310998
3640000000,-147.1660449078818
3650000000,-146.8344933900651
3660000000,-146.5049312179717
3670000000,-146.1773419116399
3680000000,-145.7872438071474
3690000000,-145.5280168643301
3700000000,-145.2062490438124
3710000000,-144.8863899249154
3720000000,-144.5684238943508
3730000000,-144.2523355038303
3740000000,-143.9381094702802
3750000000,-143.625730671516
3760000000,-143.3151841455425
3770000000,-142.9450850437729
3780000000,-142.6995288491647
3790000000,-142.3943909341608
3800000000,-142.0910269989338
3810000000,-141.7894228481056
3820000000,-141.4895644346227
3830000000,-141.1914378570557
3840000000,-140.8950293569866
3850000000,-140.6003253181477
3860000000,-140.3073122645585
3870000000,-140.0159768574717
3880000000,-139.668423086403
3890000000,-139.4382863114434
3900000000,-139.0946240243132
3910000000,-138.8101657958502
3920000000,-138.5840071364803
3930000000,-138.30246502379
3940000000,-138.022510912313
3950000000,-137.7441325077247
3960000000,-137.4673176382265
3970000000,-137.1920542535102
3980000000,-136.863363208392
3990000000,-136.6461343352758
4000000000,-136.3754542956466
4010000000,-136.1062787247337
4020000000,-135.8385961578704
4030000000,-135.5723952427638
4040000000,-135.3076647379215
4050000000,-135.044393512918
4060000000,-134.7825705450028
4070000000,-134.4696544164233
4080000000,-134.2632258256174
4090000000,-134.0056825603682
4100000000,-133.749544522191
4110000000,-133.4433009160608
4120000000,-133.2414422306741
4130000000,-132.9894572803217
4140000000,-132.7388361617229
4150000000,-132.4895687708418
4160000000,-132.2416451016582
4170000000,-131.9450430105485
4180000000,-131.7497893739597
4190000000,-131.5058377725595
4200000000,-131.2138978946495
4210000000,-131.0218389256212
4220000000,-130.7817726833099
4230000000,-130.5429827118013
4240000000,-130.305459733766
4250000000,-130.0691945568877
4260000000,-129.8341780750486
4270000000,-129.6004012665623
4280000000,-129.3678551928321
4290000000,-129.1365309971057
4300000000,-128.9064199051467
4310000000,-128.6775132223253
4320000000,-128.4498023337237
4330000000,-128.176925171773
4340000000,-127.9979338723331
4350000000,-127.7278339066045
4360000000,-127.5507471582047
4370000000,-127.3288887386949
4380000000,-127.1081760442384
4390000000,-126.8886009917226
4400000000,-126.6701555706764
4410000000,-126.4528318423568
4420000000,-126.1921467518847
4430000000,-126.0215180628591
4440000000,-125.8075124851776
4450000000,-125.5945975465197
4460000000,-125.382765654458
4470000000,-125.128526643442
4480000000,-124.9623209776862
4490000000,-124.7105980009593
4500000000,-124.5461190454929
4510000000,-124.3395908277079
4520000000,-124.1341014862845
4530000000,-123.9296438835292
4540000000,-123.7262109430397
4550000000,-123.5237956502888
4560000000,-123.2806093050865
4570000000,-123.1219902516064
4580000000,-122.8811683737015
4590000000,-122.7241727708021
4600000000,-122.4856832591937
4610000000,-122.2894074007121
4620000000,-122.1348060736035
4630000000,-121.9402865753704
4640000000,-121.7063676709129
4650000000,-121.5541126451519
4660000000,-121.3624453941071
4670000000,-121.1318741687029
4680000000,-120.9819186771586
4690000000,-120.793046713526
4700000000,-120.5657562795656
4710000000,-120.4180547243658
4720000000,-120.2319225123865
4730000000,-120.046691449164
4740000000,-119.8623555675569
4750000000,-119.67890894997
4760000000,-119.4579860627847
4770000000,-119.2764596371321
4780000000,-119.1338462365551
4790000000,-118.9538984705684
4800000000,-118.7748111046554
4810000000,-118.5965785076672
4820000000,-118.4191950939352
4830000000,-118.2426553239651
4840000000,-118.066953702613
4850000000,-117.8920847798696
4860000000,-117.6812289006488
4870000000,-117.5448234487488
4880000000,-117.3359030849557
4890000000,-117.1644583563357
4900000000,-117.0300429490649
4910000000,-116.860058202948
4920000000,-116.6908692145384
4930000000,-116.5224708746022
4940000000,-116.3548581141042
4950000000,-116.1880259048456
4960000000,-116.0219692585528
4970000000,-115.8566832257748
4980000000,-115.6921628963206
4990000000,-115.528403399188
5000000000,-115.3653999011498
5010000000,-115.2031476072319
5020000000,-115.0416417601296
5030000000,-114.8808776391631
5040000000,-114.7208505610096
5050000000,-114.5615558786211
5060000000,-114.402988981098
5070000000,-114.2451452935466
5080000000,-114.0880202756528
5090000000,-113.9316094230718
5100000000,-113.7759082659501
5110000000,-113.6209123683789
5120000000,-113.4666173290845
5130000000,-113.3130187801019
5140000000,-113.1601123873476
5150000000,-112.9750297025416
5160000000,-112.8236182915795
5170000000,-112.7055032949249
5180000000,-112.5553228388798
5190000000,-112.3734387313955
5200000000,-112.2569707078338
5210000000,-112.1087907832682
5220000000,-111.9612695040151
5230000000,-111.7825055560426
5240000000,-111.6681867212625
5250000000,-111.4909541802129
5260000000,-111.3776903404979
5270000000,-111.2019704709766
5280000000,-111.0897488184565
5290000000,-110.9155231641939
5300000000,-110.8043310798884
5310000000,-110.6625590443761
5320000000,-110.5214065086881
5330000000,-110.3808697168693
5340000000,-110.2409449395963
5350000000,-110.1016284750482
5360000000,-109.9629166491421
5370000000,-109.8248058136808
5380000000,-109.6872923483015
5390000000,-109.550372658179
5400000000,-109.3840472542514
5410000000,-109.2783003556707
5420000000,-109.1431406842472
5430000000,-108.9788801121994
5440000000,-108.8745568436609
5450000000,-108.71165227172
5460000000,-108.5788931178047
5470000000,-108.4759682205527
5480000000,-108.3442349906327
5490000000,-108.2130609906395
5500000000,-108.0824429012055
5510000000,-107.9523774262262
5520000000,-107.8228612934047
5530000000,-107.6938912536365
5540000000,-107.5654640812383
5550000000,-107.4375765724488
5560000000,-107.3102255474788
5570000000,-107.1834078475178
5580000000,-107.057120337151
5590000000,-106.931359902668
5600000000,-106.806123451983
5610000000,-106.6814079149997
5620000000,-106.5572102425556
5630000000,-106.4335274080579
5640000000,-106.3103564043681
5650000000,-106.1876942464382
5660000000,-106.0106525996237
5670000000,-105.9438846296084
5680000000,-105.8227313030347
5690000000,-105.7020750862294
5700000000,-105.5819130958489
5710000000,-105.4622424679684
5720000000,-105.3430603592826
5730000000,-105.2243639450842
5740000000,-105.1061504205579
5750000000,-104.9884169997473
5760000000,-104.8711609159561
5770000000,-104.7543794217103
5780000000,-104.6380697874377
5790000000,-104.5222293027837
5800000000,-104.4068552756012
5810000000,-104.2919450319138
5820000000,-104.1774959158068
5830000000,-104.063505289555
5840000000,-103.9499705327986
5850000000,-103.8368890435066
5860000000,-103.7242582364685
5870000000,-103.6120755442619
5880000000,-103.5003384163272
5890000000,-103.389044319494
5900000000,-103.2781907372742
5910000000,-103.1677751704915
5920000000,-103.0072832433266
5930000000,-102.9482481664757
5940000000,-102.8391318131549
5950000000,-102.7304436416105
5960000000,-102.6221812344102
5970000000,-102.5143421897235
5980000000,-102.4069241215961
5990000000,-102.2999246600723
6000000000,-102.193341450333
6010000000,-102.0871721537583
6020000000,-101.9814144459724
6030000000,-101.876066019135
6040000000,-101.7711245792484
6050000000,-101.6665878484067
6060000000,-101.5624535626889
6070000000,-101.4587194732783
6080000000,-101.3553833459294
6090000000,-101.2524429610678
6100000000,-101.149896113224
6110000000,-101.0477406115416
6120000000,-100.9459742789676
6130000000,-100.8445949525833
6140000000,-100.7436004835657
6150000000,-100.6429887368727
6160000000,-100.5427575912796
6170000000,-100.4429049386483
6180000000,-100.2966818552481
6190000000,-100.2443267495204
6200000000,-100.1455970646785
6210000000,-100.0472375760329
6220000000,-99.94924624240093
6230000000,-99.8516210354509
6240000000,-99.75435993955048
6250000000,-99.6574609526339
6260000000,-99.56092208454551
6270000000,-99.46474135796772
6280000000,-99.3689168079768
6290000000,-99.27344648228279
6300000000,-99.17832844077226
6310000000,-99.083560755487
6320000000,-98.98914151058368
6330000000,-98.89506880255543
6340000000,-98.80134073938316
6350000000,-98.70795544119657
6360000000,-98.61491103960695
6370000000,-98.52220567823953
6380000000,-98.42983751191659
6390000000,-98.3378047072591
6400000000,-98.24610544213031
6410000000,-98.15473790593694
6420000000,-98.06370029892734
6430000000,-97.97299083239858
6440000000,-97.88260772985568
6450000000,-97.79254922425444
6460000000,-97.70281356057571
6470000000,-97.61339899375105
6480000000,-97.52430379031512
6490000000,-97.43552622687449
6500000000,-97.34706459077861
6510000000,-97.25891717990453
6520000000,-97.17108230272937
6530000000,-97.08355827773489
6540000000,-96.99634343375216
6550000000,-96.90943610999553
6560000000,-96.78069380319158
6570000000,-96.73653742993609
6580000000,-96.65054280255158
6590000000,-96.52303275906272
6600000000,-96.47945486833338
6610000000,-96.3943583492992
6620000000,-96.30955800372105
6630000000,-96.22505224978579
6640000000,-96.14083951505037
6650000000,-96.05691823654799
6660000000,-95.97328686094015
6670000000,-95.88994384414362
6680000000,-95.80688765115238
6690000000,-95.72411675678941
6700000000,-95.64162964406258
6710000000,-95.55942480590986
6720000000,-95.47750074378844
6730000000,-95.35548633614611
6740000000,-95.31448899932539
6750000000,-95.23339836473674
6760000000,-95.15258260183532
6770000000,-95.07204025631331
6780000000,-94.99176988265472
6790000000,-94.91177004378338
6800000000,-94.83203931131476
6810000000,-94.75257626549131
6820000000,-94.67337949437452
6830000000,-94.59444759475936
6840000000,-94.5157791717907
6850000000,-94.43737283894136
6860000000,-94.35922721727714
6870000000,-94.28134093683911
6880000000,-94.20371263467908
6890000000,-94.12634095697339
6900000000,-94.04922455689473
6910000000,-93.97236209623857
6920000000,-93.89575224422173
6930000000,-93.81939367785354
6940000000,-93.74328508192119
6950000000,-93.66742514926074
6960000000,-93.59181257974474
6970000000,-93.47831920482314
6980000000,-93.44132436910387
6990000000,-93.36644616576147
7000000000,-93.25394429220165
7010000000,-93.21741521406429
7020000000,-93.14325994803045
7030000000,-93.06934315558803
7040000000,-92.99566359628744
7050000000,-92.92222003623928
7060000000,-92.84901124920437
7070000000,-92.77603601633129
7080000000,-92.7032931251191
7090000000,-92.63078137026238
7100000000,-92.55849955340729
7110000000,-92.44950336147349
7120000000,-92.41462097547
7130000000,-92.34302185192871
7140000000,-92.27164794152192
7150000000,-92.20049808041333
7160000000,-92.12957111071495
7170000000,-92.05886588136094
7180000000,-91.95199860990257
7190000000,-91.88181186940818
7200000000,-91.81184305439425
7210000000,-91.77823957761008
7220000000,-91.70862601433086
7230000000,-91.63922742202516
7240000000,-91.57004269507438
7250000000,-91.50107073379836
7260000000,-91.43231044490808
7270000000,-91.36376074133227
7280000000,-91.29542054205587
7290000000,-91.19174723221234
7300000000,-91.15936436351851
7310000000,-91.09164625264465
7320000000,-91.0241333834088
7330000000,-90.92157751383965
7340000000,-90.88971917197411
7350000000,-90.8228157461416
7360000000,-90.72108308035962
7370000000,-90.68961108936124
7380000000,-90.62330780948268
7390000000,-90.55720253915753
7400000000,-90.49129426863516
7410000000,-90.42558199305637
7420000000,-90.36006471397336
7430000000,-90.26020457091339
7440000000,-90.22961117827197
7450000000,-90.16467295219405
7460000000,-90.09992578327829
7470000000,-90.00110609797353
7480000000,-89.97100073824492
7490000000,-89.90682093610582
7500000000,-89.84282833923763
7510000000,-89.77902199816133
7520000000,-89.71540096837643
7530000000,-89.65196431087227
7540000000,-89.55491543666861
7550000000,-89.5256403827641
7560000000,-89.46275125985925
7570000000,-89.36644233551768
7580000000,-89.33751410472526
7590000000,-89.27516425087695
7600000000,-89.21299234028619
7610000000,-89.15099747478386
7620000000,-89.08917876109732
7630000000,-88.99431660404696
7640000000,-88.96606624102932
7650000000,-88.87167672296044
7660000000,-88.84364773239949
7670000000,-88.78269655121747
7680000000,-88.72191626516019
7690000000,-88.62845792073574
7700000000,-88.60086494596379
7710000000,-88.54059220832156
7720000000,-88.48048695666535
7730000000,-88.42054835079642
7740000000,-88.36077555445499
7750000000,-88.30116773642465
7760000000,-88.20929477415199
7770000000,-88.18244373241738
7780000000,-88.12332590660927
7790000000,-88.0643697788594
7800000000,-87.97337820309838
7810000000,-87.94693938682353
7820000000,-87.85638197009399
7830000000,-87.83014613863493
7840000000,-87.77198645709207
7850000000,-87.71398368640936
7860000000,-87.65613704413846
7870000000,-87.59844575128113
7880000000,-87.54090903429787
7890000000,-87.48352612266429
7900000000,-87.42629625100518
7910000000,-87.36921865741041
7920000000,-87.31229258463019
7930000000,-87.22404757596637
7940000000,-87.19889199158926
7950000000,-87.11105407465774
7960000000,-87.05478010507773
7970000000,-86.99865367402563
7980000000,-86.97387617795692
7990000000,-86.91798988285541
8000000000,-86.86224919449164
8010000000,-86.80665339189659
8020000000,-86.75120175736049
8030000000,-86.69589357767204
8040000000,-86.64072814284478
8050000000,-86.55486664012689
8060000000,-86.53082268837427
8070000000,-86.47608126852504
8080000000,-86.42147979317045
8090000000,-86.36701757138326
8100000000,-86.31269391619585
8110000000,-86.25850814429521
8120000000,-86.20445957622859
8130000000,-86.15054753577931
8140000000,-86.06638383823368
8150000000,-86.01279173410821
8160000000,-85.98962387576367
8170000000,-85.93625125898362
8180000000,-85.8830118443242
8190000000,-85.82990497727806
8200000000,-85.77693000680057
8210000000,-85.72408628551305
8220000000,-85.64137045820046
8230000000,-85.61879001803364
8240000000,-85.56633619433202
8250000000,-85.51401106448111
8260000000,-85.46181399843162
8270000000,-85.40974436898216
8280000000,-85.35780155252849
8290000000,-85.30598492930488
8300000000,-85.25429388206103
8310000000,-85.20272779740257
8320000000,-85.15128606476155
8330000000,-85.09996807727278
8340000000,-85.01932145751111
8350000000,-84.99770092559719
8360000000,-84.94675056338978
8370000000,-84.89592155028436
8380000000,-84.84521329523221
8390000000,-84.79462521027889
8400000000,-84.71496915785909
8410000000,-84.69380721545218
8420000000,-84.6435761450262
8430000000,-84.59346292457481
8440000000,-84.54346698178274
8450000000,-84.49358774692163
8460000000,-84.44382465396289
8470000000,-84.36528880644187
8480000000,-84.34464464333976
8490000000,-84.26642202891995
8500000000,-84.2459224792343
8510000000,-84.19673170573351
8520000000,-84.14765373873027
8530000000,-84.09868803304764
8540000000,-84.04983404584921
8550000000,-83.97253341722015
8560000000,-83.95245907018665
8570000000,-83.87545997123186
8580000000,-83.85552452809006
8590000000,-83.77882411122174
8600000000,-83.75902618079112
8610000000,-83.68262162902575
8620000000,-83.66295983438795
8630000000,-83.61508736323158
8640000000,-83.5673213394266
8650000000,-83.49150018808933
8660000000,-83.44398423661437
8670000000,-83.42465684899754
8680000000,-83.37731152436446
8690000000,-83.33007011501709
8700000000,-83.2549629016316
8710000000,-83.23589705106573
8720000000,-83.18896440755962
8730000000,-83.1142775649849
8740000000,-83.09540444464307
8750000000,-83.02099457864946
8760000000,-83.0022483400241
8770000000,-82.95582052914614
8780000000,-82.90949224133193
8790000000,-82.86326300127675
8800000000,-82.81713233647548
8810000000,-82.74353800847094
8820000000,-82.72516485404766
8830000000,-82.67932710323865
8840000000,-82.60613205567834
8850000000,-82.58794126854663
8860000000,-82.54239226638812
8870000000,-82.4969385994262
8880000000,-82.45157981459185
8890000000,-82.37903797175238
8900000000,-82.36114509112734
8910000000,-82.28886031437163
8920000000,-82.27108451806598
8930000000,-82.22619343037729
8940000000,-82.15428981647948
8950000000,-82.13668745763431
8960000000,-82.09207170182073
8970000000,-82.04754685560567
8980000000,-81.97614331043542
8990000000,-81.95876817698682
9000000000,-81.91451349121083
9010000000,-81.8703480099628
9020000000,-81.82627131208784
9030000000,-81.78228297920316
9040000000,-81.73838259495133
9050000000,-81.69456974500979
9060000000,-81.65084401728897
9070000000,-81.60720500193653
9080000000,-81.56365229140971
9090000000,-81.52018548000574
9100000000,-81.4768041644751
9110000000,-81.43350794320369
9120000000,-81.36378399748584
9130000000,-81.32068837910738
9140000000,-81.30412586498662
9150000000,-81.23474806549324
9160000000,-81.19190258791986
9170000000,-81.17549539104554
9180000000,-81.13278377053234
9190000000,-81.06386022113287
9200000000,-81.02134284086118
9210000000,-81.00513913441179
9220000000,-80.93655091066051
9230000000,-80.92044742966145
9240000000,-80.87822186297225
9250000000,-80.83607598928407
9260000000,-80.79400943759144
9270000000,-80.7520218390592
9280000000,-80.68409079638037
9290000000,-80.66828203602044
9300000000,-80.62652910330512
9310000000,-80.58485366770208
9320000000,-80.54325537018947
9330000000,-80.50173385300953
9340000000,-80.43444250651986
9350000000,-80.41891974017284
9360000000,-80.37762643915043
9370000000,-80.33640850780446
9380000000,-80.29526559814019
9390000000,-80.22849437604756
9400000000,-80.18752878346976
9410000000,-80.17228354571458
9420000000,-80.13143727846183
9430000000,-80.09066431968692
9440000000,-80.04996433222713
9450000000,-80.00933698072433
9460000000,-79.96878193122558
9470000000,-79.92829885199043
9480000000,-79.8878874126012
9490000000,-79.8475472847452
9500000000,-79.80727814173923
9510000000,-79.76707965844938
9520000000,-79.70160795275031
9530000000,-79.68689337940856
9540000000,-79.62161506779391
9550000000,-79.60698588129873
9560000000,-79.56713588059466
9570000000,-79.52735462498978
9580000000,-79.48764180127098
9590000000,-79.44799709759776
9600000000,-79.40842020442609
9610000000,-79.36891081301702
9620000000,-79.32946861686827
9630000000,-79.2900933107765
9640000000,-79.25078459125371
9650000000,-79.21154215638479
9660000000,-79.17236570569831
9670000000,-79.13325494079318
9680000000,-79.09420956425711
9690000000,-79.05522928053702
9700000000,-79.01631379544453
9710000000,-78.97746281650517
9720000000,-78.91385116938793
9730000000,-78.89995321527384
9740000000,-78.8612940154669
9750000000,-78.79794773839667
9760000000,-78.75943958987742
9770000000,-78.74569538664596
9780000000,-78.68261108573648
9790000000,-78.66894261293187
9800000000,-78.63065927836004
9810000000,-78.59243760824434
9820000000,-78.55427732665595
9830000000,-78.51617815879526
9840000000,-78.47813983157106
9850000000,-78.44016207347451
9860000000,-78.40224461421295
9870000000,-78.36438718482862
9880000000,-78.32658951799768
9890000000,-78.28885134771168
9900000000,-78.25117240939832
9910000000,-78.21355243968623
9920000000,-78.1759911768435
9930000000,-78.13848836055516
9940000000,-78.10104373168862
9950000000,-78.06365703243964
9960000000,-78.02632800641057
9970000000,-77.96482750098222
9980000000,-77.95184195586764
9990000000,-77.91468442513056
10000000000,-77.87758355589719
10010000000,-77.84053909832525
10020000000,-77.80355080420721
10030000000,-77.7666184261866
10040000000,-77.72974171893492
10050000000,-77.66887116178776
10060000000,-77.65615433964965
10070000000,-77.61944318265077
10080000000,-77.58278672602786
10090000000,-77.54618473085972
10100000000,-77.50963695875066
10110000000,-77.4492253409872
10120000000,-77.43670313825621
10130000000,-77.40031661994567
10140000000,-77.36398338507833
10150000000,-77.32770320184881
10160000000,-77.29147583962511
10170000000,-77.23151198205177
10180000000,-77.21917866193492
10190000000,-77.18310839131746
10200000000,-77.14709003130086
10210000000,-77.11112335749355
10220000000,-77.07520814630688
10230000000,-77.03934417586431
10240000000,-77.00353122479937
10250000000,-76.94414760710714
10260000000,-76.93205750267883
10270000000,-76.89639629553618
10280000000,-76.86078523535049
10290000000,-76.82522410698731
10300000000,-76.76619373353925
10310000000,-76.75425078988906
10320000000,-76.69535974266462
10330000000,-76.68347464518993
10340000000,-76.64815998636576
10350000000,-76.61289399134053
10360000000,-76.57767645311806
10370000000,-76.54250716501016
10380000000,-76.48402749419265
10390000000,-76.44897386672839
10400000000,-76.4372867559228
10410000000,-76.40230842774625
10420000000,-76.36737733475668
10430000000,-76.30923308843272
10440000000,-76.29765605570486
10450000000,-76.26286547331573
10460000000,-76.20491933821094
10470000000,-76.1934234392179
10480000000,-76.15877159745558
10490000000,-76.12416561403886
10500000000,-76.06648003931117
10510000000,-76.05509045372935
10520000000,-76.02062089480071
10530000000,-75.98619643022427
10540000000,-75.92876739596696
10550000000,-75.91748203205164
10560000000,-75.88319172438635
10570000000,-75.84894576348174
10580000000,-75.791769336681
10590000000,-75.7805861448187
10600000000,-75.74647212115885
10610000000,-75.71240171202747
10620000000,-75.67837473717088
10630000000,-75.64439101668684
10640000000,-75.61045037203861
10650000000,-75.55370679904161
10660000000,-75.54269760042851
10670000000,-75.50888512074309
10680000000,-75.47511501177007
10690000000,-75.41861366321871
10700000000,-75.40770121102935
10710000000,-75.35131961083466
10720000000,-75.34045481731123
10730000000,-75.28419206979278
10740000000,-75.27337446512654
10750000000,-75.23989613184719
10760000000,-75.20645880310262
10770000000,-75.17306231256035
10780000000,-75.13970649434536
10790000000,-75.10639118342365
10800000000,-75.05053750367239
10810000000,-75.03988142888099
10820000000,-75.00668665983115
10830000000,-74.97353174746108
10840000000,-74.94041653126681
10850000000,-74.90734085119497
10860000000,-74.85182946950813
10870000000,-74.84130746637699
10880000000,-74.80834944640105
10890000000,-74.75300641310751
10900000000,-74.72014300807855
10910000000,-74.7097082029146
10920000000,-74.65453169156689
10930000000,-74.6441398435027
10940000000,-74.61141294598033
10950000000,-74.57872403434641
10960000000,-74.546072958303
10970000000,-74.5134595679431
10980000000,-74.48088371454236
10990000000,-74.44834524979653
11000000000,-74.4158440265023
11010000000,-74.38337989829041
11020000000,-74.35095271920497
11030000000,-74.31856234439104
11040000000,-74.2862086295319
11050000000,-74.25389143138815
11060000000,-74.22161060736353
11070000000,-74.18936601555561
11080000000,-74.15715751481291
11090000000,-74.12498496480222
11100000000,-74.09284822591354
11110000000,-74.06074715945422
11120000000,-74.028681627067
11130000000,-73.99665149171192
11140000000,-73.96465661656605
11150000000,-73.93269686587594
11160000000,-73.90077210436947
11170000000,-73.86888219782324
11180000000,-73.83702701250111
11190000000,-73.80520641527868
11200000000,-73.77342027401397
11210000000,-73.74166845704752
11220000000,-73.70995083377736
11230000000,-73.67826727400292
11240000000,-73.64661764819678
11250000000,-73.61500182767132
11260000000,-73.58341968450294
11270000000,-73.55187109122897
11280000000,-73.52035592126738
11290000000,-73.488874048683
11300000000,-73.45742534799695
11310000000,-73.42600969480486
11320000000,-73.35114774542303
11330000000,-73.36327703554714
11340000000,-73.33195978378907
11350000000,-73.30067508757469
11360000000,-73.26942282573876
11370000000,-73.23820287767759
11380000000,-73.20701512349963
11390000000,-73.17585944387733
11400000000,-73.14473571999113
11410000000,-73.11364383383804
11420000000,-73.08258366812575
11430000000,-73.05155510602224
11440000000,-73.02055803144376
11450000000,-72.98959232890796
11460000000,-72.95865788348799
11470000000,-72.92775458102813
11480000000,-72.8968823077501
11490000000,-72.86604095077791
11500000000,-72.83523039775389
11510000000,-72.80445053675123
11520000000,-72.77370125659581
11530000000,-72.74298244684751
11540000000,-72.71229399740932
11550000000,-72.68163579896803
11560000000,-72.65100774277677
11570000000,-72.62040972045779
11580000000,-72.58984162461761
11590000000,-72.55930334810503
11600000000,-72.52879478461413
11610000000,-72.4983158281091
11620000000,-72.46786637346524
11630000000,-72.4374463158717
11640000000,-72.40705555125696
11650000000,-72.37669397600067
11660000000,-72.34636148703795
11670000000,-72.31605798215287
11680000000,-72.2857833591552
11690000000,-72.25553751693862
11700000000,-72.22532035471315
11710000000,-72.19513177203822
11720000000,-72.16497166944612
11730000000,-72.13483994768792
11740000000,-72.10473650816381
11750000000,-72.07466125282235
11760000000,-72.04461408430943
11770000000,-72.01459490530667
11780000000,-71.98460361962877
11790000000,-71.95464013113605
11800000000,-71.92470434454921
11810000000,-71.89479616488134
11820000000,-71.86491549790708
11830000000,-71.83506224951596
11840000000,-71.76324698355643
11850000000,-71.77543763640836
11860000000,-71.74566608630805
11870000000,-71.71592158465891
11880000000,-71.68620404005354
11890000000,-71.65651336175124
11900000000,-71.62684945941325
11910000000,-71.59721224329458
11920000000,-71.56760162381698
11930000000,-71.53801751240937
11940000000,-71.50845982064683
11950000000,-71.47892846057017
11960000000,-71.44942334481824
11970000000,-71.41994438651776
11980000000,-71.39049149917599
11990000000,-71.36106459696889
12000000000,-71.33166359409644
12010000000,-71.26075213935292
12020000000,-71.27293894763869
12030000000,-71.24361513538166
12040000000,-71.21431688522448
12050000000,-71.14361235859721
12060000000,-71.15579673965814
12070000000,-71.12657467913522
12080000000,-71.09737785097775
12090000000,-71.06820617383359
12100000000,-71.03905956669672
12110000000,-71.00993794924432
12120000000,-70.98084124143401
12130000000,-70.951769363542
12140000000,-70.92272223650333
12150000000,-70.89369978173549
12160000000,-70.86470192085046
12170000000,-70.83572857596033
12180000000,-70.80677966979002
12190000000,-70.77785512536596
12200000000,-70.74895486598899
12210000000,-70.72007881557624
12220000000,-70.69122689845487
12230000000,-70.66239903936497
12240000000,-70.63359516327056
12250000000,-70.60481519586304
12260000000,-70.57605906291859
12270000000,-70.54732669102805
12280000000,-70.51861800667982
12290000000,-70.48993293726834
12300000000,-70.46127141008461
12310000000,-70.43263335344949
12320000000,-70.40401869540779
12330000000,-70.37542736476988
12340000000,-70.34685929082401
12350000000,-70.31831440312291
12360000000,-70.24914643792052
12370000000,-70.26129390629195
12380000000,-70.23281815814569
12390000000,-70.16379302185399
12400000000,-70.17593531809747
12410000000,-70.14752808938579
12420000000,-70.11914356460464
12430000000,-70.09078167597872
12440000000,-70.06244235687802
12450000000,-69.99370000113868
12460000000,-70.0058311603529
12470000000,-69.97755915072436
12480000000,-69.94930944611478
12490000000,-69.92108198120143
12500000000,-69.89287669133505
12510000000,-69.86469351189649
12520000000,-69.83653237872052
12530000000,-69.8083932283229
12540000000,-69.78027599694285
12550000000,-69.75218062181334
12560000000,-69.7241070401389
12570000000,-69.65591918627514
12580000000,-69.66802500810402
12590000000,-69.64001643414028
12600000000,-69.61202940632054
12610000000,-69.5840638636337
12620000000,-69.55611974548513
12630000000,-69.52819699151776
12640000000,-69.50029554191384
12650000000,-69.47241533686002
12660000000,-69.44455631710046
12670000000,-69.41671842377239
12680000000,-69.38890159813388
12690000000,-69.36110578191685
12700000000,-69.3333309171047
12710000000,-69.30557694608824
12720000000,-69.27784381147903
12730000000,-69.21037378822237
12740000000,-69.22243982365302
12750000000,-69.19476885723729
12760000000,-69.1671185012105
12770000000,-69.13948869943975
12780000000,-69.11187939676682
12790000000,-69.08429053779676
12800000000,-69.05672206779475
12810000000,-69.02917393226514
12820000000,-69.00164607697448
12830000000,-68.97413844793658
12840000000,-68.94665099164547
12850000000,-68.91918365452383
12860000000,-68.89173638379303
12870000000,-68.86430912663091
12880000000,-68.83690183048851
12890000000,-68.80951444339341
12900000000,-68.78214691336304
12910000000,-68.7547991888321
12920000000,-68.72747121862383
12930000000,-68.70016295167392
12940000000,-68.67287433724783
12950000000,-68.64560532492544
12960000000,-68.61835586460435
12970000000,-68.5911259063821
12980000000,-68.56391540070483
12990000000,-68.53672429822191
13000000000,-68.50955254997957
13010000000,-68.48240010713864
13020000000,-68.4552669211716
13030000000,-68.42815294391168
13040000000,-68.40105812753555
13050000000,-68.37398242409198
13060000000,-68.34692578639697
13070000000,-68.31988816724879
13080000000,-68.29286951963256
13090000000,-68.26586979723592
13100000000,-68.23888895336222
13110000000,-68.21192694212715
13120000000,-68.14611585575088
13130000000,-68.15805923398875
13140000000,-68.13115344636421
13150000000,-68.10426630939426
13160000000,-68.07739777824875
13170000000,-68.05054780840952
13180000000,-67.98498177352738
13190000000,-67.95819092136315
13200000000,-67.97010882487686
13210000000,-67.94333265953557
13220000000,-67.9165748362643
13230000000,-67.88983531204656
13240000000,-67.86311404404071
13250000000,-67.83641098958704
13260000000,-67.80972610621593
13270000000,-67.78305935200765
13280000000,-67.75641068484882
13290000000,-67.72978006309408
13300000000,-67.70316744538695
13310000000,-67.67657279054619
13320000000,-67.6499960574135
13330000000,-67.62343720547231
13340000000,-67.59689619393288
13350000000,-67.57037298282484
13360000000,-67.54386753176146
13370000000,-67.51737980113613
13380000000,-67.49090975117579
13390000000,-67.42618256908334
13400000000,-67.43802253617183
13410000000,-67.41160529294874
13420000000,-67.3852055741697
13430000000,-67.35882334131381
13440000000,-67.33245855613708
13450000000,-67.30611118049133
13460000000,-67.24165751150754
13470000000,-67.21536634494181
13480000000,-67.22717313290167
13490000000,-67.20089501876538
13500000000,-67.17463412676699
13510000000,-67.14839042018467
13520000000,-67.12216386245059
13530000000,-67.09595441706459
13540000000,-67.06976204778094
13550000000,-67.04358671870092
13560000000,-67.01742839398101
13570000000,-66.99128703798939
13580000000,-66.96516261520642
13590000000,-66.93905509063514
13600000000,-66.91296442910509
13610000000,-66.88689059582133
13620000000,-66.86083355625506
13630000000,-66.79703245595819
13640000000,-66.80876972028149
13650000000,-66.7827628557566
13660000000,-66.75677264832096
13670000000,-66.73079906426868
13680000000,-66.70484207015619
13690000000,-66.64126755326072
13700000000,-66.65297771852006
13710000000,-66.58947831620249
13720000000,-66.60117932964876
13730000000,-66.57530478935855
13740000000,-66.54944664210056
13750000000,-66.52360485556386
13760000000,-66.49777939776577
13770000000,-66.47197023687779
13780000000,-66.44617734124337
13790000000,-66.42040067935764
13800000000,-66.39464022005319
13810000000,-66.36889593196007
13820000000,-66.34316778435739
13830000000,-66.31745574641317
13840000000,-66.29175978741964
13850000000,-66.26607987696933
13860000000,-66.24041598489192
13870000000,-66.21476808107978
13880000000,-66.18913613547764
13890000000,-66.16352011839103
13900000000,-66.13792000024816
13910000000,-66.11233575161816
13920000000,-66.08676734323102
13930000000,-66.06121474597903
13940000000,-65.99856512522584
13950000000,-66.01015686915332
13960000000,-65.98465153215652
13970000000,-65.95916189157103
13980000000,-65.93368791895109
13990000000,-65.90822958630632
14000000000,-65.84579763415405
14010000000,-65.85735972869486
14020000000,-65.83194814832596
14030000000,-65.80655209676145
14040000000,-65.7811715467632
14050000000,-65.71891979284624
14060000000,-65.73045684241833
14070000000,-65.7051226340928
14080000000,-65.67980381932772
14090000000,-65.65450037149336
14100000000,-65.62921226404744
14110000000,-65.60393947070138
14120000000,-65.57868196530244
14130000000,-65.55343972181963
14140000000,-65.52821271434193
14150000000,-65.46631822562536
14160000000,-65.47780430459014
14170000000,-65.45262285125487
14180000000,-65.42745653182173
14190000000,-65.40230532105792
14200000000,-65.37716919409033
14210000000,-65.35204812581668
14220000000,-65.2904013340472
14230000000,-65.30185106673892
14240000000,-65.2767750267427
14250000000,-65.25171394737482
14260000000,-65.22666780432664
14270000000,-65.20163657349578
14280000000,-65.17662023098153
14290000000,-65.15161875302653
14300000000,-65.12663211571325
14310000000,-65.10166029577442
14320000000,-65.07670326948312
14330000000,-65.05176101389875
14340000000,-65.0268335055064
14350000000,-65.00192072148886
14360000000,-64.94076373580774
14370000000,-64.95213923479965
14380000000,-64.89105163720912
14390000000,-64.90241637197819
14400000000,-64.84139802093543
14410000000,-64.85275195313284
14420000000,-64.82794160455693
14430000000,-64.80314580047806
14440000000,-64.77836451889165
14450000000,-64.75359773813106
14460000000,-64.72884543641167
14470000000,-64.70410759206642
14480000000,-64.67938418389888
14490000000,-64.65467519033216
14500000000,-64.62998059026013
14510000000,-64.60530036256667
14520000000,-64.58063448625761
14530000000,-64.55598294049317
14540000000,-64.53134570454409
14550000000,-64.50672275764737
14560000000,-64.48211407943099
14570000000,-64.4575196493567
14580000000,-64.39711838209699
14590000000,-64.37257214987829
14600000000,-64.3838216457137
14610000000,-64.35928400641832
14620000000,-64.33476051483349
14630000000,-64.31025115123035
14640000000,-64.28575589596061
14650000000,-64.26127472955031
14660000000,-64.20114434031349
14670000000,-64.17671096314076
14680000000,-64.18791556902384
14690000000,-64.16349056428325
14700000000,-64.13907955224489
14710000000,-64.1146825138685
14720000000,-64.05475398895918
14730000000,-64.06593028309085
14740000000,-64.04157505335138
14750000000,-64.01723372269953
14760000000,-63.9929062726258
14770000000,-63.96859268482567
14780000000,-63.94429294117797
14790000000,-63.88459856989729
14800000000,-63.89573491372126
14810000000,-63.87147659396945
14820000000,-63.84723204649174
14830000000,-63.82300125336918
14840000000,-63.79878419706263
14850000000,-63.77458086008589
14860000000,-63.71511923004242
14870000000,-63.72621527423078
14880000000,-63.70205299068649
14890000000,-63.67790435716674
14900000000,-63.65376935660608
14910000000,-63.59447313142128
14920000000,-63.60554018647866
14930000000,-63.54630993178004
14940000000,-63.52224867316957
14950000000,-63.53329825648063
14960000000,-63.50924469993971
14970000000,-63.48520465924194
14980000000,-63.46117811806935
14990000000,-63.43716506016834
15000000000,-63.41316546925262
15010000000,-63.38917932927342
15020000000,-63.36520662418749
15030000000,-63.34124733805562
15040000000,-63.31730145507095
15050000000,-63.29336895934374
15060000000,-63.2694498353171
15070000000,-63.24554406723551
15080000000,-63.18680522037936
15090000000,-63.19777253718829
15100000000,-63.17390674434531
15110000000,-63.11526548677674
15120000000,-63.12621502668867
15130000000,-63.06763870421194
15140000000,-63.04384517966712
15150000000,-63.05477689318906
15160000000,-63.03099064018392
15170000000,-62.97254389349769
15180000000,-62.98345773254718
15190000000,-62.95971104851955
15200000000,-62.93597752470177
15210000000,-62.91225714692798
15220000000,-62.88854990039177
15230000000,-62.86485577095316
15240000000,-62.8411747443733
15250000000,-62.81750680628488
15260000000,-62.75935020014366
15270000000,-62.77021013926937
15280000000,-62.74658138231712
15290000000,-62.72296565774778
15300000000,-62.66493739388236
15310000000,-62.67577325063542
15320000000,-62.65219654051379
15330000000,-62.62863280793481
15340000000,-62.60508203916147
15350000000,-62.58154422076729
15360000000,-62.55801933931559
15370000000,-62.53450738142597
15380000000,-62.47673471052904
15390000000,-62.48752218327762
15400000000,-62.46404891657318
15410000000,-62.4405885206836
15420000000,-62.41714098255895
15430000000,-62.39370628911012
15440000000,-62.37028442766819
15450000000,-62.31273423773277
15460000000,-62.32347914902223
15470000000,-62.30009570638783
15480000000,-62.27672504473559
15490000000,-62.25336715132358
15500000000,-62.23002201380877
15510000000,-62.20668961967725
15520000000,-62.14936085746382
15530000000,-62.16006301184748
15540000000,-62.13676877361743
15550000000,-62.11348722953268
15560000000,-62.09021836746638
15570000000,-62.06696217531453
15580000000,-62.04371864097404
15590000000,-62.02048775254805
15600000000,-61.96341079796711
15610000000,-61.97406386582293
15620000000,-61.95087084384026
15630000000,-61.92769042041459
15640000000,-61.87073888075443
15650000000,-61.8813673227078
15660000000,-61.85822462518965
15670000000,-61.80136693686774
15680000000,-61.81197687523257
15690000000,-61.78887179994877
15700000000,-61.76577924262163
15710000000,-61.74269919203851
15720000000,-61.71963163679799
15730000000,-61.69657656592337
15740000000,-61.67353396809538
15750000000,-61.65050383228745
15760000000,-61.62748614755223
15770000000,-61.60448090284753
15780000000,-61.5814880872633
15790000000,-61.55850768989628
15800000000,-61.53553969997263
15810000000,-61.47911766689506
15820000000,-61.4896408994091
15830000000,-61.4667100673793
15840000000,-61.44379160001822
15850000000,-61.4208854867418
15860000000,-61.36461814376437
15870000000,-61.37511028042965
15880000000,-61.35224116654771
15890000000,-61.3293843649157
15900000000,-61.27324044174005
15910000000,-61.28370765740517
15920000000,-61.22762533464498
15930000000,-61.23808007597061
15940000000,-61.18205928129731
15950000000,-61.19250153914508
15960000000,-61.16973063742012
15970000000,-61.1469719666261
15980000000,-61.12422551698474
15990000000,-61.06835822956398
16000000000,-61.07876924137376
16010000000,-61.056059395784
16020000000,-61.03336173194675
16030000000,-61.01067624003732
16040000000,-60.98800291053475
16050000000,-60.96534173372987
16060000000,-60.94269269997776
16070000000,-60.92005579975201
16080000000,-60.89743102358713
16090000000,-60.87481836198694
16100000000,-60.81928724568747
16110000000,-60.79671714678966
16120000000,-60.80705297048927
16130000000,-60.7844886732742
16140000000,-60.76193644384882
16150000000,-60.70655744568494
16160000000,-60.71686815174674
16170000000,-60.69435207069398
16180000000,-60.67184802079721
16190000000,-60.61659041431996
16200000000,-60.62687597847083
16210000000,-60.60440796795529
16220000000,-60.58195195262454
16230000000,-60.5595079235706
16240000000,-60.53707587187629
16250000000,-60.51465578875652
16260000000,-60.49224766541399
16270000000,-60.46985149310095
16280000000,-60.41486605013361
16290000000,-60.42509496658942
16300000000,-60.37016982514915
16310000000,-60.38038613992489
16320000000,-60.35804959260111
16330000000,-60.33572494448786
16340000000,-60.31341218704357
16350000000,-60.29111131195801
16360000000,-60.26882231068335
16370000000,-60.24654517478144
16380000000,-60.22427989599978
16390000000,-60.16962531874444
16400000000,-60.17978487634923
16410000000,-60.157555118936
16420000000,-60.13533718546861
16430000000,-60.11313106772759
16440000000,-60.05862625142318
16450000000,-60.06875424696948
16460000000,-60.04658352767657
16470000000,-60.02442459174072
16480000000,-60.00227743098976
16490000000,-59.98014203754594
16500000000,-59.95801840344586
16510000000,-59.90372260118879
16520000000,-59.9138063813904
16530000000,-59.85957015948911
16540000000,-59.8696413017425
16550000000,-59.84757634566324
16560000000,-59.82552310174045
16570000000,-59.80348156223704
16580000000,-59.78145171935554
16590000000,-59.75943356545944
16600000000,-59.73742709288628
16610000000,-59.71543229393122
16620000000,-59.69344916111176
16630000000,-59.67147768675669
16640000000,-59.64951786331817
16650000000,-59.62756968334456
16660000000,-59.60563313925451
16670000000,-59.58370822358536
16680000000,-59.52991693569547
16690000000,-59.53989324800772
16700000000,-59.51800317323725
16710000000,-59.49612469736068
16720000000,-59.4742578130023
16730000000,-59.4206140962769
16740000000,-59.43055878978206
16750000000,-59.40872663635478
16760000000,-59.38690604547187
16770000000,-59.36509700986273
16780000000,-59.34329952242301
16790000000,-59.32151357593823
16800000000,-59.26807584894566
16810000000,-59.27797627753656
16820000000,-59.25622491138828
16830000000,-59.23448505791293
16840000000,-59.21275671011372
16850000000,-59.1910398609571
16860000000,-59.16933450346931
16870000000,-59.14764063065625
16880000000,-59.12595823565139
16890000000,-59.10428731158227
16900000000,-59.08262785154245
16910000000,-59.06097984863963
16920000000,-59.03934329615935
16930000000,-59.01771818712474
16940000000,-58.96469034029261
16950000000,-58.97450227264912
16960000000,-58.95291145363788
16970000000,-58.93133205122625
16980000000,-58.87842080673219
16990000000,-58.88820746914197
17000000000,-58.8666622762148
17010000000,-58.84512847314856
17020000000,-58.82360605342465
17030000000,-58.80209501039222
17040000000,-58.78059533743087
17050000000,-58.72788761347086
17060000000,-58.73763007585586
17070000000,-58.71616447417279
17080000000,-58.69471021652097
17090000000,-58.67326729649508
17100000000,-58.62070453210112
17110000000,-58.63041544360321
17120000000,-58.6090064978488
17130000000,-58.58760886404607
17140000000,-58.535161821941
17150000000,-58.54484750703661
17160000000,-58.52348377103888
17170000000,-58.5021313217087
17180000000,-58.44979978513472
17190000000,-58.45946025780955
17200000000,-58.43814163071892
17210000000,-58.41683426525401
17220000000,-58.36461801885022
17230000000,-58.37425329424767
17240000000,-58.35297967639662
17250000000,-58.3008497569456
17260000000,-58.31046614505644
17270000000,-58.28922621935434
17280000000,-58.26799751212314
17290000000,-58.24678001728221
17300000000,-58.19479370948893
17310000000,-58.20437864057622
17320000000,-58.15244968453585
17330000000,-58.13129444661417
17340000000,-58.14086051731427
17350000000,-58.11971017000573
17360000000,-58.09857099298065
17370000000,-58.04678518523333
17380000000,-58.05632612585876
17390000000,-58.00459748533864
17400000000,-57.98352034728404
17410000000,-57.99304245377718
17420000000,-57.97197017377142
17430000000,-57.95090902271755
17440000000,-57.92985899468007
17450000000,-57.90882008395687
17460000000,-57.85729111619179
17470000000,-57.86677559084631
17480000000,-57.84576999693564
17490000000,-57.79432640776317
17500000000,-57.77336034150031
17510000000,-57.7828197566466
17520000000,-57.76185850449237
17530000000,-57.74090832357592
17540000000,-57.71996920800439
17550000000,-57.69904115218085
17560000000,-57.67812415043768
17570000000,-57.65721819712678
17580000000,-57.63632328659637
17590000000,-57.61543941325764
17600000000,-57.59456657138799
17610000000,-57.57370475543555
17620000000,-57.5226297948943
17630000000,-57.53201417897934
17640000000,-57.5111854073384
17650000000,-57.49036763933009
17660000000,-57.46956086938069
17670000000,-57.44876509209173
17680000000,-57.39785953560633
17690000000,-57.40720649308189
17700000000,-57.38644366040248
17710000000,-57.36569179837657
17720000000,-57.34495090147909
17730000000,-57.32422096419676
17740000000,-57.30350198120947
17750000000,-57.25279348254643
17760000000,-57.26209685618658
17770000000,-57.24141070329863
17780000000,-57.19078646755216
17790000000,-57.17013930955982
17800000000,-57.17941781870687
17810000000,-57.15877536397544
17820000000,-57.10826330151997
17830000000,-57.08765976960434
17840000000,-57.09691344499082
17850000000,-57.07631460268271
17860000000,-57.05572665023055
17870000000,-57.03514958227127
17880000000,-56.98480540114564
17890000000,-56.99402807877342
17900000000,-56.97348363272445
17910000000,-56.92322322240717
17920000000,-56.93242732564857
17930000000,-56.91191545420069
17940000000,-56.89141443043523
17950000000,-56.87092424922272
17960000000,-56.82080320578813
17970000000,-56.82997639348157
17980000000,-56.80951870860138
17990000000,-56.78907184546736
18000000000,-56.76863579892159
18010000000,-56.74821056375134
18020000000,-56.72779613492037
18030000000,-56.70739250713217
18040000000,-56.6869996754283
18050000000,-56.63712870426192
18060000000,-56.64624637940674
18070000000,-56.62588590491075
18080000000,-56.60553620597849
18090000000,-56.58519727750351
18100000000,-56.56486911440609
18110000000,-56.54455171164744
18120000000,-56.52424506412008
18130000000,-56.50394916678415
18140000000,-56.48366401459693
18150000000,-56.46338960251499
18160000000,-56.44312592551556
18170000000,-56.39358681423483
18180000000,-56.40263075667816
18190000000,-56.35314678144232
18200000000,-56.36217846793807
18210000000,-56.34196839114058
18220000000,-56.32176901934276
18230000000,-56.30158034764526
18240000000,-56.25223399591338
18250000000,-56.23208350686423
18260000000,-56.21194369564947
18270000000,-56.22093256229231
18280000000,-56.20079731657568
18290000000,-56.1806727411977
18300000000,-56.13149112938373
18310000000,-56.14045558185141
18320000000,-56.09132878451176
18330000000,-56.10028104487549
18340000000,-56.08020974751745
18350000000,-56.03116507938902
18360000000,-56.04009907070435
18370000000,-55.99110909358448
18380000000,-55.97109703136162
18390000000,-55.95109558305206
18400000000,-55.93110474383275
18410000000,-55.94000833820326
18420000000,-55.9200220315881
18430000000,-55.90004632695217
18440000000,-55.85124738050635
18450000000,-55.8313095138456
18460000000,-55.84018277662479
18470000000,-55.82024943156812
18480000000,-55.80032666443871
18490000000,-55.78041447028299
18500000000,-55.7605128444036
18510000000,-55.74062178197094
18520000000,-55.72074127816419
18530000000,-55.70087132825332
18540000000,-55.68101192742498
18550000000,-55.63251195365283
18560000000,-55.61269020270859
18570000000,-55.62149697167176
18580000000,-55.60167971953302
18590000000,-55.55328809433298
18600000000,-55.56207678618349
18610000000,-55.54229109550796
18620000000,-55.52251591587671
18630000000,-55.50275124254895
18640000000,-55.48299707076908
18650000000,-55.46325339586598
18660000000,-55.44352021299733
18670000000,-55.42379751756704
18680000000,-55.37564895846957
18690000000,-55.3559636917139
18700000000,-55.36469230862215
18710000000,-55.34501151568109
18720000000,-55.32534118666905
18730000000,-55.30568131687967
18740000000,-55.28603190156446
18750000000,-55.26639293605328
18760000000,-55.24676441576203
18770000000,-55.19885792880189
18780000000,-55.17926668455671
18790000000,-55.18794147897014
18800000000,-55.1401154619999
18810000000,-55.1487783279991
18820000000,-55.12921238059684
18830000000,-55.10965684576801
18840000000,-55.0901117187321
18850000000,-55.07057699499308
18860000000,-55.05105266986933
18870000000,-55.0315387386803
18880000000,-55.01203519684829
18890000000,-54.99254203971725
18900000000,-54.97305926269477
18910000000,-54.95358686113839
18920000000,-54.93412483044812
18930000000,-54.88664624119831
18940000000,-54.89523186308908
18950000000,-54.84780654032668
18960000000,-54.85638032382427
18970000000,-54.83697007821647
18980000000,-54.81757017585069
18990000000,-54.79818061207431
19000000000,-54.77880138236399
19010000000,-54.75943248204695
19020000000,-54.74007390664578
19030000000,-54.72072565150039
19040000000,-54.67353942076085
19050000000,-54.65422798575074
19060000000,-54.66274276197667
19070000000,-54.64343574218267
19080000000,-54.59635545553139
19090000000,-54.60485259026287
19100000000,-54.58557644900311
19110000000,-54.53857549159854
19120000000,-54.54705501310669
19130000000,-54.527809709313
19140000000,-54.50857467564296
19150000000,-54.48934990741369
19160000000,-54.47013540019935
19170000000,-54.45093114936169
19180000000,-54.43173715041611
19190000000,-54.4125533988359
19200000000,-54.39337989001768
19210000000,-54.37421661938777
19220000000,-54.35506358257193
19230000000,-54.3083788369829
19240000000,-54.31678819189959
19250000000,-54.29766582905096
19260000000,-54.27855368176002
19270000000,-54.25945174561535
19280000000,-54.24036001605346
19290000000,-54.22127848845054
19300000000,-54.20220715842906
19310000000,-54.18314602144931
19320000000,-54.16409507289926
19330000000,-54.1450543083637
19340000000,-54.12602372330932
19350000000,-54.10700331328342
19360000000,-54.08799307364397
19370000000,-54.06899300004533
19380000000,-54.05000308783035
19390000000,-54.03102333259753
19400000000,-54.01205372982729
19410000000,-53.99309427500157
19420000000,-53.97414496362538
19430000000,-53.95520579127629
19440000000,-53.909070156466
19450000000,-53.89016713125311
19460000000,-53.89844906299233
19470000000,-53.85239142936133
19480000000,-53.86066185666758
19490000000,-53.81465616209776
19500000000,-53.79580368027224
19510000000,-53.77696129363972
19520000000,-53.75812899779954
19530000000,-53.73930678814475
19540000000,-53.74754278292638
19550000000,-53.72872492809913
19560000000,-53.68290063188608
19570000000,-53.69111945599759
19580000000,-53.67233182970315
19590000000,-53.65355427069856
19600000000,-53.63478677448092
19610000000,-53.61602933653113
19620000000,-53.59728195243273
19630000000,-53.57854461764612
19640000000,-53.55981732776671
19650000000,-53.54110007831989
19660000000,-53.52239286485757
19670000000,-53.50369568286653
19680000000,-53.48500852789842
19690000000,-53.46633139551699
19700000000,-53.44766428118072
19710000000,-53.42900718052314
19720000000,-53.41036008900417
19730000000,-53.39172300222967
19740000000,-53.37309591570426
19750000000,-53.35447882500593
19760000000,-53.33587172561342
19770000000,-53.31727461311733
19780000000,-53.29868748303814
19790000000,-53.2801103308957
19800000000,-53.2615431522915
19810000000,-53.24298594278374
19820000000,-53.22443869787335
19830000000,-53.20590141305586
19840000000,-53.18737408397205
19850000000,-53.1688567061167
19860000000,-53.15034927508526
19870000000,-53.13185178640099
19880000000,-53.11336423558053
19890000000,-53.09488661818984
19900000000,-53.07641892982124
19910000000,-53.03149253583963
19920000000,-53.03951332222292
19930000000,-53.02107539413675
19940000000,-52.97622525634868
19950000000,-52.98422926704305
19960000000,-52.9658210591537
19970000000,-52.94742274917024
19980000000,-52.92903433253966
19990000000,-52.91065580486888
20000000000,-52.89228716170516
