ZM 1 reOhms X,ZM 1 reOhms Y
100000000,68.22325893956832
110000000,68.21403572549083
120000000,68.20690130477522
130000000,68.20122860645954
140000000,68.19660620127395
150000000,68.19275416300101
160000000,68.18947816446136
170000000,68.18663920529146
180000000,68.18413523786953
190000000,68.18189081413091
200000000,68.17984861269363
210000000,68.17796488991469
220000000,68.17620532791453
230000000,68.10952755707068
240000000,68.17295660768139
250000000,68.17142873562712
260000000,68.16994560222355
270000000,68.16849565198889
280000000,68.16706939737446
290000000,68.11408369075507
300000000,68.164258076685
310000000,68.16286090144401
320000000,68.16146292082544
330000000,68.16006006195452
340000000,68.15864901502268
350000000,68.15722678183964
360000000,68.15579086552552
370000000,68.07350465918888
380000000,68.15286953387051
390000000,68.15138049489273
400000000,68.14987056362615
410000000,68.07537563500146
420000000,68.14678290108871
430000000,68.14520302493582
440000000,68.14359789870163
450000000,68.07547622149409
460000000,68.07526043639686
470000000,68.13862333243999
480000000,68.13690991881523
490000000,68.13516798722206
500000000,68.13339704228206
510000000,68.13159667699043
520000000,68.12976649814154
530000000,68.12790614346353
540000000,68.12601529488425
550000000,68.12409364594404
560000000,68.1221409338542
570000000,68.06763182999096
580000000,68.06651906230502
590000000,68.11609399537927
600000000,68.11401471612835
610000000,68.06281169986414
620000000,68.10975955833915
630000000,68.10758335343959
640000000,68.10537453188074
650000000,68.10313297174034
660000000,68.10085852253199
670000000,68.09855106208707
680000000,68.0962104890725
690000000,68.09383669475508
700000000,68.09142957277516
710000000,68.08898901600212
720000000,68.0865149478479
730000000,68.08400728384937
740000000,68.00050597943905
750000000,68.07889080365663
760000000,68.0762818455954
770000000,68.07363896373614
780000000,68.07096210487428
790000000,68.06825119808984
800000000,68.06550617214197
810000000,68.06272697327684
820000000,67.98681039276354
830000000,68.05706580792253
840000000,68.05418371954975
850000000,68.05126723234241
860000000,68.04831628702506
870000000,68.04533082659458
880000000,68.04231080651148
890000000,68.03925617670569
900000000,67.96952150427499
910000000,68.03304288323983
920000000,67.96467733933231
930000000,68.0266905792337
940000000,68.02346218828635
950000000,68.02019890931213
960000000,68.01690069355561
970000000,67.95169697857978
980000000,68.01019930178488
990000000,68.00679603750368
1000000000,68.0033576751631
1010000000,67.9998841709903
1020000000,67.99637549102772
1030000000,67.99283158541481
1040000000,67.98925241786009
1050000000,67.92844269723727
1060000000,67.98198814844784
1070000000,67.97830296121113
1080000000,67.97458235772203
1090000000,67.97082629976232
1100000000,67.96703474903416
1110000000,67.96320766049983
1120000000,67.95934500240666
1130000000,67.95544673749303
1140000000,67.8987902930434
1150000000,67.89527427643478
1160000000,67.89171468317701
1170000000,67.93949682920749
1180000000,67.93541995097176
1190000000,67.88077603788049
1200000000,67.92715865732248
1210000000,67.92297416141209
1220000000,67.8694507001136
1230000000,67.91449729497992
1240000000,67.91020484786749
1250000000,67.90587634004159
1260000000,67.90151173672463
1270000000,67.89711099444249
1280000000,67.89267408767653
1290000000,67.84154043027387
1300000000,67.88369160085304
1310000000,67.87914595061835
1320000000,67.87456397908041
1330000000,67.86994564636045
1340000000,67.86529091900167
1350000000,67.8159848949787
1360000000,67.85587212097472
1370000000,67.85110797709109
1380000000,67.84630728255662
1390000000,67.84147000363738
1400000000,67.83659610407349
1410000000,67.83168553797464
1420000000,67.82673827416851
1430000000,67.82175427201653
1440000000,67.81673349618495
1450000000,67.8116759038387
1460000000,67.8065814583088
1470000000,67.80145012288365
1480000000,67.7148093504814
1490000000,67.79107662647338
1500000000,67.78583438713125
1510000000,67.78055510447992
1520000000,67.77523873726415
1530000000,67.76988524806137
1540000000,67.76449459745704
1550000000,67.75906674687
1560000000,67.75360165622087
1570000000,67.74809929068496
1580000000,67.74255960680773
1590000000,67.73698256576606
1600000000,67.73136813163293
1610000000,67.72571626254934
1620000000,67.72002691946099
1630000000,67.71430006372717
1640000000,67.63486518945655
1650000000,67.70273365422771
1660000000,67.6968940237805
1670000000,67.69101672305435
1680000000,67.68510171025309
1690000000,67.6791489494355
1700000000,67.67315839782816
1710000000,67.66713001707394
1720000000,67.66106376688052
1730000000,67.65495960809974
1740000000,67.64881750177344
1750000000,67.57349639131685
1760000000,67.63641928106323
1770000000,67.63016308877651
1780000000,67.62386878907975
1790000000,67.61753633954369
1800000000,67.54389870604427
1810000000,67.60475683595328
1820000000,67.59830970140924
1830000000,67.59182425953847
1840000000,67.51945855440525
1850000000,67.57873828681741
1860000000,67.57213767776918
1870000000,67.56549860045429
1880000000,67.55882101207513
1890000000,67.55210487439408
1900000000,67.54535014719664
1910000000,67.53855678983665
1920000000,67.53172476361807
1930000000,67.52485402611174
1940000000,67.45540528358973
1950000000,67.44876840917922
1960000000,67.50400915015247
1970000000,67.49698316978782
1980000000,67.48991827740582
1990000000,67.42180049682918
2000000000,67.47567159896577
2010000000,67.46848973240482
2020000000,67.46126879373863
2030000000,67.45400874258749
2040000000,67.44670954043818
2050000000,67.43937114611289
2060000000,67.43199351867331
2070000000,67.42457662061413
2080000000,67.41712041019386
2090000000,67.40962484706776
2100000000,67.34417257430074
2110000000,67.39451550637966
2120000000,67.38690164910216
2130000000,67.37924828070666
2140000000,67.37155536079877
2150000000,67.36382285086081
2160000000,67.35605071106929
2170000000,67.34823890165467
2180000000,67.34038738156248
2190000000,67.33249611533387
2200000000,67.32456506042479
2210000000,67.26146079021434
2220000000,67.30858342928586
2230000000,67.300532774495
2240000000,67.29244217642506
2250000000,67.28431159371335
2260000000,67.27614098877854
2270000000,67.26793032256816
2280000000,67.2061756845645
2290000000,67.19810929579494
2300000000,67.19000074242717
2310000000,67.23468627025612
2320000000,67.17365709316442
2330000000,67.21782287227393
2340000000,67.20933069631756
2350000000,67.14882506141467
2360000000,67.19222519902951
2370000000,67.18361180205447
2380000000,67.12361282015523
2390000000,67.16626352368596
2400000000,67.15752856629673
2410000000,67.14875301261665
2420000000,67.13993682757919
2430000000,67.08074641194891
2440000000,67.07204608785216
2450000000,67.11324410329148
2460000000,67.1042650166323
2470000000,67.09524511183947
2480000000,67.08618435318574
2490000000,67.0770827042754
2500000000,67.06794012831708
2510000000,67.05875658935626
2520000000,67.04953205145159
2530000000,67.04026647873158
2540000000,67.03095983515406
2550000000,67.02161208572558
2560000000,67.01222319519528
2570000000,67.00279312700859
2580000000,66.94578317388734
2590000000,66.98380932012502
2600000000,66.97425551137368
2610000000,66.96466038675038
2620000000,66.95502391069842
2630000000,66.94534605003849
2640000000,66.93562677034178
2650000000,66.92586603749366
2660000000,66.91606381700853
2670000000,66.90622007711869
2680000000,66.89633478261132
2690000000,66.88640790085881
2700000000,66.83090848738634
2710000000,66.86642924518394
2720000000,66.85637740472906
2730000000,66.80122668192958
2740000000,66.83614853805361
2750000000,66.82597144687335
2760000000,66.81575254189489
2770000000,66.80549179108097
2780000000,66.79518916245341
2790000000,66.78484462537526
2800000000,66.77445814864809
2810000000,66.76402970143036
2820000000,66.75355925312596
2830000000,66.65598458934851
2840000000,66.73249223202717
2850000000,66.72189559948797
2860000000,66.71125684523138
2870000000,66.70057594016752
2880000000,66.68985285525542
2890000000,66.67908756082255
2900000000,66.66828002901694
2910000000,66.65743023020399
2920000000,66.64653813655258
2930000000,66.63560372107882
2940000000,66.62462695316788
2950000000,66.61360780814049
2960000000,66.51908213960954
2970000000,66.59144227277042
2980000000,66.58029582873473
2990000000,66.56910689880063
3000000000,66.55787545583321
3010000000,66.54660147423402
3020000000,66.53528492764413
3030000000,66.52392579117108
3040000000,66.51252403936077
3050000000,66.50107964634138
3060000000,66.48959258846186
3070000000,66.47806284069779
3080000000,66.46649037867256
3090000000,66.37469893414537
3100000000,66.4432172163698
3110000000,66.43151646913229
3120000000,66.41977291343945
3130000000,66.4079865266571
3140000000,66.39615728609232
3150000000,66.38428516931799
3160000000,66.37237015452691
3170000000,66.36041222008062
3180000000,66.34841134439084
3190000000,66.33636750600701
3200000000,66.32428068469179
3210000000,66.31215085950487
3220000000,66.29997801067404
3230000000,66.2877621177866
3240000000,66.27550316112743
3250000000,66.26320112217309
3260000000,66.25085598104057
3270000000,66.23846771916284
3280000000,66.15018454938492
3290000000,66.2135617607893
3300000000,66.20104402789222
3310000000,66.1884831030323
3320000000,66.1758789685417
3330000000,66.16323160774141
3340000000,66.15054100435142
3350000000,66.13780714164767
3360000000,66.125030004141
3370000000,66.11220957652458
3380000000,66.09934584309885
3390000000,66.08643878915605
3400000000,66.07348840020077
3410000000,66.06049466236216
3420000000,66.04745756101556
3430000000,66.03437708305709
3440000000,66.02125321512391
3450000000,66.00808594445039
3460000000,65.99487525885921
3470000000,65.98162114557138
3480000000,65.96832359298418
3490000000,65.95498258971524
3500000000,65.87015134040681
3510000000,65.92817018598704
3520000000,65.9146987649321
3530000000,65.90118385019348
3540000000,65.88762543236696
3550000000,65.8740235022443
3560000000,65.86037805056435
3570000000,65.84668906879803
3580000000,65.83295654805154
3590000000,65.74937570401359
3600000000,65.73573330996031
3610000000,65.79149767795414
3620000000,65.77759092751832
3630000000,65.76364060204986
3640000000,65.74964669564017
3650000000,65.73560920287304
3660000000,65.72152811785956
3670000000,65.70740343571512
3680000000,65.62498971577055
3690000000,65.67902326165908
3700000000,65.6647677614751
3710000000,65.65046864795356
3720000000,65.63612591733254
3730000000,65.6217395674087
3740000000,65.60730959523924
3750000000,65.59283599915516
3760000000,65.57831877739979
3770000000,65.49699519906625
3780000000,65.54915345231261
3790000000,65.53450534753178
3800000000,65.51981361395285
3810000000,65.50507825240742
3820000000,65.49029926333425
3830000000,65.47547664749406
3840000000,65.46061040662519
3850000000,65.44570054252677
3860000000,65.43074705708727
3870000000,65.41574995341549
3880000000,65.33566256873424
3890000000,65.38562490256531
3900000000,65.30575160424968
3910000000,65.29072952376183
3920000000,65.34011027550568
3930000000,65.32485153738841
3940000000,65.30954921028537
3950000000,65.29420329951284
3960000000,65.27881381127906
3970000000,65.26338075222731
3980000000,65.18433284020107
3990000000,65.23238395062243
4000000000,65.2168202229463
4010000000,65.20121295499993
4020000000,65.18556215506925
4030000000,65.16986783213734
4040000000,65.15412999604222
4050000000,65.1383486560577
4060000000,65.12252382265521
4070000000,65.0443483156857
4080000000,65.09074371849411
4090000000,65.07478847015152
4100000000,65.05878977313544
4110000000,64.9809840050164
4120000000,65.02666208327524
4130000000,65.01053311639262
4140000000,64.99436075181136
4150000000,64.97814500446883
4160000000,64.96188588810884
4170000000,64.88461503101402
4180000000,64.92923760873559
4190000000,64.91284847621557
4200000000,64.83583652415975
4210000000,64.87994030528644
4220000000,64.86342130009692
4230000000,64.8468590380463
4240000000,64.83025353629866
4250000000,64.81360481351008
4260000000,64.79691288802688
4270000000,64.78017777852091
4280000000,64.76339950428009
4290000000,64.74657808543149
4300000000,64.72971354162314
4310000000,64.71280589361709
4320000000,64.69585516245125
4330000000,64.6199031293813
4340000000,64.66182453638687
4350000000,64.58602705840282
4360000000,64.62762183983872
4370000000,64.6104560219801
4380000000,64.59324725558622
4390000000,64.57599556462247
4400000000,64.55870097340328
4410000000,64.54136350666259
4420000000,64.46609015671949
4430000000,64.50656004756148
4440000000,64.48909410711767
4450000000,64.47158539430635
4460000000,64.45403393628769
4470000000,64.37911955521848
4480000000,64.41880289316379
4490000000,64.34402864112599
4500000000,64.38340120135364
4510000000,64.36563643371673
4520000000,64.34782909085645
4530000000,64.32997920226197
4540000000,64.31208679840272
4550000000,64.29415190975951
4560000000,64.21985313605099
4570000000,64.25815480290457
4580000000,64.18398773070577
4590000000,64.22198813552315
4600000000,64.14795097578866
4610000000,64.1298684328132
4620000000,64.16742077935346
4630000000,64.14914716655825
4640000000,64.07536458402387
4650000000,64.11247340574366
4660000000,64.09407332780461
4670000000,64.02047719954363
4680000000,64.05714695530158
4690000000,64.03862073340034
4700000000,63.96520732646562
4710000000,64.00144240257013
4720000000,63.98279036884072
4730000000,63.96409647366589
4740000000,63.94536075566693
4750000000,63.92658325382882
4760000000,63.85352446035179
4770000000,63.83476295156119
4780000000,63.87000044147221
4790000000,63.85105620249588
4800000000,63.8320703810038
4810000000,63.8130430183065
4820000000,63.79397415649758
4830000000,63.77486383761
4840000000,63.75571210459356
4850000000,63.73651900041899
4860000000,63.66402080640184
4870000000,63.69800885370699
4880000000,63.62561844343511
4890000000,63.60635485887476
4900000000,63.63993445221286
4910000000,63.62049405014534
4920000000,63.60101259046755
4930000000,63.58149011942788
4940000000,63.56192668402619
4950000000,63.54232233127377
4960000000,63.5226771085536
4970000000,63.50299106411256
4980000000,63.4832642464775
4990000000,63.46349670423331
5000000000,63.4436884867442
5010000000,63.42383964355105
5020000000,63.40395022452079
5030000000,63.38402028031165
5040000000,63.36404986161179
5050000000,63.34403901963647
5060000000,63.32398780597027
5070000000,63.30389627242057
5080000000,63.28376447175752
5090000000,63.26359245652222
5100000000,63.24338027980835
5110000000,63.22312799540132
5120000000,63.20283565708227
5130000000,63.18250331930536
5140000000,63.16213103658885
5150000000,63.09106908356754
5160000000,63.07070196531427
5170000000,63.10077507318405
5180000000,63.08024356651125
5190000000,63.00936021072546
5200000000,63.03906161433477
5210000000,63.0184112830393
5220000000,62.99772145885559
5230000000,62.92701247275008
5240000000,62.95622356457334
5250000000,62.88560022540715
5260000000,62.91456840115157
5270000000,62.84402970882341
5280000000,62.87275644484959
5290000000,62.80230141721768
5300000000,62.83078817776647
5310000000,62.80974557982761
5320000000,62.78866408793768
5330000000,62.7675437635571
5340000000,62.74638466918147
5350000000,62.72518686759727
5360000000,62.70395042156663
5370000000,62.68267539486967
5380000000,62.66136185087502
5390000000,62.64000985387393
5400000000,62.56999821914059
5410000000,62.59719075936206
5420000000,62.57572379173705
5430000000,62.50582840051708
5440000000,62.53267534382896
5450000000,62.4628563891094
5460000000,62.44131294768955
5470000000,62.46781738412292
5480000000,62.44612225513704
5490000000,62.42438933403716
5500000000,62.4026186887785
5510000000,62.38081038792992
5520000000,62.35896450019025
5530000000,62.33708109464803
5540000000,62.31516024050295
5550000000,62.29320200788692
5560000000,62.27120646643387
5570000000,62.24917368705019
5580000000,62.22710374025588
5590000000,62.20499669713263
5600000000,62.18285262924857
5610000000,62.16067160830563
5620000000,62.13845370668477
5630000000,62.11619899630123
5640000000,62.09390755043789
5650000000,62.07157944197908
5660000000,61.95586448250147
5670000000,62.02681353146081
5680000000,62.00437587717871
5690000000,61.98190185603399
5700000000,61.95939154269758
5710000000,61.93684501244012
5720000000,61.91426234028364
5730000000,61.89164360214292
5740000000,61.86898887392607
5750000000,61.8462982320647
5760000000,61.82357175316806
5770000000,61.8008095139443
5780000000,61.77801159191264
5790000000,61.75517806449635
5800000000,61.73230900954704
5810000000,61.70940450526907
5820000000,61.68646463019072
5830000000,61.66348946299356
5840000000,61.64047908292137
5850000000,61.61743356910169
5860000000,61.59435300137233
5870000000,61.57123745960417
5880000000,61.54808702417215
5890000000,61.5249017755503
5900000000,61.50168179465236
5910000000,61.4784271623645
5920000000,61.36530209208063
5930000000,61.43181427051432
5940000000,61.408456174424
5950000000,61.38506375461547
5960000000,61.36163709349266
5970000000,61.33817627396478
5980000000,61.31468137920398
5990000000,61.29115249249369
6000000000,61.26758969766571
6010000000,61.24399307838897
6020000000,61.22036271925896
6030000000,61.19669870435889
6040000000,61.17300111878565
6050000000,61.14927004724161
6060000000,61.12550557521036
6070000000,61.10170778822165
6080000000,61.07787677209721
6090000000,61.0540126128185
6100000000,61.03011539679409
6110000000,61.00618521048889
6120000000,60.98222214083454
6130000000,60.95822627496562
6140000000,60.93419770017506
6150000000,60.91013650403618
6160000000,60.88604277431308
6170000000,60.86191659932317
6180000000,60.75115564350828
6190000000,60.81356726664904
6200000000,60.78934428633893
6210000000,60.76508921542765
6220000000,60.7408021431668
6230000000,60.71648315912306
6240000000,60.69213235320722
6250000000,60.66774981511224
6260000000,60.64333563521409
6270000000,60.61888990397539
6280000000,60.5944127121444
6290000000,60.5699041505608
6300000000,60.54536431036232
6310000000,60.52079328293996
6320000000,60.49619115990775
6330000000,60.47155803292007
6340000000,60.44689399410317
6350000000,60.42219913562453
6360000000,60.39747355002019
6370000000,60.37271732983886
6380000000,60.34793056805638
6390000000,60.32311335767954
6400000000,60.29826579201405
6410000000,60.27338796444216
6420000000,60.24847996877082
6430000000,60.22354189906518
6440000000,60.19857384894179
6450000000,60.17357591308365
6460000000,60.1485481857336
6470000000,60.1234907618205
6480000000,60.09840373597743
6490000000,60.07328720336172
6500000000,60.0481412592278
6510000000,60.02296599900464
6520000000,59.99776151820879
6530000000,59.97252791273498
6540000000,59.94726527861729
6550000000,59.92197371196593
6560000000,59.81434914870635
6570000000,59.87130416674823
6580000000,59.84592638119675
6590000000,59.73853610558413
6600000000,59.7950852688477
6610000000,59.76962213628435
6620000000,59.74413074922725
6630000000,59.71861120516007
6640000000,59.69306360183047
6650000000,59.66748803715362
6660000000,59.64188460908556
6670000000,59.61625341579261
6680000000,59.59059455571124
6690000000,59.56490812709222
6700000000,59.53919422887395
6710000000,59.51345295967706
6720000000,59.48768441854932
6730000000,59.38136558296753
6740000000,59.43606591679463
6750000000,59.41021615482079
6760000000,59.38433951806588
6770000000,59.35843610625089
6780000000,59.33250601915368
6790000000,59.30654935676807
6800000000,59.28056621913109
6810000000,59.2545567063234
6820000000,59.22852091887858
6830000000,59.20245895724683
6840000000,59.17637092197354
6850000000,59.1502569136762
6860000000,59.12411703341447
6870000000,59.09795138190172
6880000000,59.07176006054482
6890000000,59.04554317025927
6900000000,59.01930081259811
6910000000,58.99303308883257
6920000000,58.96674010057688
6930000000,58.94042194955412
6940000000,58.91407873757335
6950000000,58.8877105663526
6960000000,58.86131753803815
6970000000,58.75676117493121
6980000000,58.80845731834774
6990000000,58.78199033158628
7000000000,58.67764847396236
7010000000,58.72898311607082
7020000000,58.70244309244368
7030000000,58.67587892847362
7040000000,58.64929072683558
7050000000,58.62267859062737
7060000000,58.59604262275479
7070000000,58.56938292604482
7080000000,58.54269960377876
7090000000,58.51599275920857
7100000000,58.48926249566144
7110000000,58.38569739798606
7120000000,58.43573212493838
7130000000,58.40893222483143
7140000000,58.38210931980657
7150000000,58.35526351330535
7160000000,58.32839490922633
7170000000,58.30150361143271
7180000000,58.19842536166019
7190000000,58.17158057970197
7200000000,58.14471320415613
7210000000,58.19371356157983
7220000000,58.16671035466433
7230000000,58.13968507840438
7240000000,58.11263783695546
7250000000,58.0855687347136
7260000000,58.05847787605153
7270000000,58.03136536538715
7280000000,58.00423130724673
7290000000,57.90190747731447
7300000000,57.94989896656927
7310000000,57.92270089334778
7320000000,57.89548169093655
7330000000,57.79342921024828
7340000000,57.8409803179562
7350000000,57.81369835691723
7360000000,57.71184840736237
7370000000,57.75907240972346
7380000000,57.73172863348157
7390000000,57.7043644620142
7400000000,57.67698000015836
7410000000,57.64957535319278
7420000000,57.62215062601056
7430000000,57.52077013898516
7440000000,57.56724135132861
7450000000,57.53975701395758
7460000000,57.51225301680696
7470000000,57.4111389353063
7480000000,57.45718646367478
7490000000,57.42962411809637
7500000000,57.4020425334257
7510000000,57.3744418148166
7520000000,57.34682206759663
7530000000,57.31918339698009
7540000000,57.21853248023454
7550000000,57.26384970644667
7560000000,57.23615489713194
7570000000,57.13570135376072
7580000000,57.18070987660755
7590000000,57.15295987600584
7600000000,57.12519168885336
7610000000,57.09740542040967
7620000000,57.0696011759685
7630000000,56.96954047224959
7640000000,57.01393918008586
7650000000,56.91400888140222
7660000000,56.95820654326825
7670000000,56.93031399760527
7680000000,56.90240410737916
7690000000,56.8027338434765
7700000000,56.84653271402812
7710000000,56.81857142129555
7720000000,56.79059320481886
7730000000,56.7625981695441
7740000000,56.73458642074925
7750000000,56.70655806345002
7760000000,56.60734049837705
7770000000,56.65045194368778
7780000000,56.62237439117285
7790000000,56.59428065032582
7800000000,56.49532049964885
7810000000,56.5380450233062
7820000000,56.43921325123549
7830000000,56.48174590181372
7840000000,56.453572792741
7850000000,56.4253841245481
7860000000,56.39718000185052
7870000000,56.36896052964607
7880000000,56.34072581225799
7890000000,56.31247595459104
7900000000,56.28421106100685
7910000000,56.25593123618526
7920000000,56.22763658448893
7930000000,56.12950724854987
7940000000,56.17100321844956
7950000000,56.07300097618791
7960000000,56.04472594999945
7970000000,56.01643647029861
7980000000,56.05756315663979
7990000000,56.02916763874721
8000000000,56.00075812817976
8010000000,55.97233472876368
8020000000,55.94389754459716
8030000000,55.91544667939714
8040000000,55.88698223714383
8050000000,55.78961286910025
8060000000,55.83001303635137
8070000000,55.80150848509089
8080000000,55.77299077128549
8090000000,55.74445999852315
8100000000,55.71591627019858
8110000000,55.68735968965947
8120000000,55.65879036008695
8130000000,55.6302083848064
8140000000,55.53340523975324
8150000000,55.50487345644609
8160000000,55.5443876150911
8170000000,55.51575608718432
8180000000,55.4871124282909
8190000000,55.45845674116162
8200000000,55.42978912849082
8210000000,55.4011096927985
8220000000,55.30480750082376
8230000000,55.34371576216294
8240000000,55.3150014718483
8250000000,55.28627576791342
8260000000,55.25753875235598
8270000000,55.22879052735438
8280000000,55.20003119486972
8290000000,55.17126085651138
8300000000,55.14247961420645
8310000000,55.11368756949918
8320000000,55.08488482406943
8330000000,55.05607147927233
8340000000,54.96051710936241
8350000000,54.99841339695411
8360000000,54.96956886186217
8370000000,54.9407141322453
8380000000,54.91184930905987
8390000000,54.88297449318741
8400000000,54.78779261454253
8410000000,54.82519528588814
8420000000,54.79629109581493
8430000000,54.76737731523747
8440000000,54.73845404442147
8450000000,54.70952138375917
8460000000,54.68057943318488
8470000000,54.58583108291063
8480000000,54.62266806216127
8490000000,54.52804338726492
8500000000,54.56472072977482
8510000000,54.53573382695605
8520000000,54.50673823239842
8530000000,54.47773404516203
8540000000,54.44872136447305
8550000000,54.35446725115975
8560000000,54.39067091891082
8570000000,54.29654018023356
8580000000,54.3325876861916
8590000000,54.23858025354912
8600000000,54.27447245503149
8610000000,54.1805882623412
8620000000,54.21632601210253
8630000000,54.18724133141264
8640000000,54.1581491419639
8650000000,54.06451124047281
8660000000,54.03547317505267
8670000000,54.07082849697164
8680000000,54.04170724804013
8690000000,54.01257897765767
8700000000,53.91924861053793
8710000000,53.9543017607097
8720000000,53.92515300784553
8730000000,53.83200699888499
8740000000,53.86683569663876
8750000000,53.77381252993317
8760000000,53.80849262101622
8770000000,53.77931166203281
8780000000,53.75012455028475
8790000000,53.72093138162841
8800000000,53.69173225162632
8810000000,53.59907733066688
8820000000,53.63331648963648
8830000000,53.6041000483504
8840000000,53.51162910425774
8850000000,53.54565052051292
8860000000,53.51641762366264
8870000000,53.48717943113363
8880000000,53.45793603738138
8890000000,53.36577152632322
8900000000,53.39943402318438
8910000000,53.30739202228618
8920000000,53.34091233414458
8930000000,53.31164434609246
8940000000,53.2197860479496
8950000000,53.25309455079841
8960000000,53.22381293006676
8970000000,53.19452695174519
8980000000,53.1029134822335
8990000000,53.13594229288391
9000000000,53.10664379800711
9010000000,53.07734131598972
9020000000,53.0480349392924
9030000000,53.01872475992605
9040000000,52.98941086983046
9050000000,52.96009336086309
9060000000,52.93077232468826
9070000000,52.90144785277104
9080000000,52.87212003633146
9090000000,52.84278896657985
9100000000,52.81345473439553
9110000000,52.78411743074067
9120000000,52.69336004760198
9130000000,52.66408087145608
9140000000,52.69608799568049
9150000000,52.6055139243457
9160000000,52.57622633410038
9170000000,52.60803416924767
9180000000,52.57867789273991
9190000000,52.48834817730688
9200000000,52.4590506288185
9210000000,52.49059531261221
9220000000,52.40044882400117
9230000000,52.43186302409215
9240000000,52.40249397551953
9250000000,52.37312310854318
9260000000,52.34375051148452
9270000000,52.31437627237272
9280000000,52.22459614851876
9290000000,52.25562321911217
9300000000,52.22624458022752
9310000000,52.1968646496167
9320000000,52.16748351429749
9330000000,52.13810126143073
9340000000,52.04868740415483
9350000000,52.07933374966296
9360000000,52.0499486637608
9370000000,52.02056280625852
9380000000,51.99117626316051
9390000000,51.90206756883923
9400000000,51.87274145323724
9410000000,51.90301337807508
9420000000,51.87362494937564
9430000000,51.84423626258297
9440000000,51.81484740259089
9450000000,51.78545845408978
9460000000,51.75606950176827
9470000000,51.72668062988961
9480000000,51.69729192274725
9490000000,51.66790346425513
9500000000,51.63851533818704
9510000000,51.60912762821606
9520000000,51.5208121847534
9530000000,51.55035379009968
9540000000,51.46216037025009
9550000000,51.4915826150952
9560000000,51.46219823323678
9570000000,51.43281476518421
9580000000,51.40343229319441
9590000000,51.37405089947528
9600000000,51.34467066569827
9610000000,51.31529167377119
9620000000,51.28591400508697
9630000000,51.25653774100808
9640000000,51.2271629626439
9650000000,51.19778975092283
9660000000,51.16841818665041
9670000000,51.13904835018302
9680000000,51.10968032198272
9690000000,51.08031418216243
9700000000,51.0509500107367
9710000000,51.02158788743623
9720000000,50.93449260422717
9730000000,50.96287010293769
9740000000,50.93351460033243
9750000000,50.84660233572074
9760000000,50.81731020446959
9770000000,50.84546259815085
9780000000,50.75873335248263
9790000000,50.7867741363641
9800000000,50.75743400190558
9810000000,50.72809670212413
9820000000,50.69876231453573
9830000000,50.66943091662699
9840000000,50.64010258554575
9850000000,50.61077739816228
9860000000,50.58145543125977
9870000000,50.55213676146481
9880000000,50.52282146508886
9890000000,50.49350961828986
9900000000,50.46420129700528
9910000000,50.43489657707204
9920000000,50.4055955339912
9930000000,50.37629824304177
9940000000,50.34700477939915
9950000000,50.31771521805577
9960000000,50.28842963377416
9970000000,50.20285953774166
9980000000,50.22987069406575
9990000000,50.20059748722817
10000000000,50.17132855424074
10010000000,50.14206396891511
10020000000,50.11280380469235
10030000000,50.08354813504934
10040000000,50.05429703287748
10050000000,49.96921501122603
10060000000,49.99580882266896
10070000000,49.96657185979048
10080000000,49.93733975493554
10090000000,49.90811257997194
10100000000,49.87889040695156
10110000000,49.79417443831462
10120000000,49.82046135294035
10130000000,49.79125461470205
10140000000,49.76205316378082
10150000000,49.73285707100224
10160000000,49.70366640701196
10170000000,49.61931648241212
10180000000,49.64530164685089
10190000000,49.61612769091397
10200000000,49.58695944428121
10210000000,49.55779697645239
10220000000,49.52864035692482
10230000000,49.49948965470609
10240000000,49.47034493895001
10250000000,49.38648304583364
10260000000,49.41207374160619
10270000000,49.38294739685126
10280000000,49.35382731234919
10290000000,49.32471355597869
10300000000,49.24115665785884
10310000000,49.26650529864042
10320000000,49.1830703915407
10330000000,49.2083231640656
10340000000,49.17924206045851
10350000000,49.15016768839578
10360000000,49.12110011414996
10370000000,49.09203940420679
10380000000,49.00897044081155
10390000000,48.97997764685648
10400000000,49.00489911923518
10410000000,48.97586652476672
10420000000,48.94684112272489
10430000000,48.8640770719924
10440000000,48.88881215604854
10450000000,48.85980872077384
10460000000,48.77722759664602
10470000000,48.80182426853767
10480000000,48.77284337968934
10490000000,48.74387013419225
10500000000,48.66153288389317
10510000000,48.68594682705296
10520000000,48.65699689196948
10530000000,48.62805485330671
10540000000,48.54596144081136
10550000000,48.57019471559763
10560000000,48.54127674149402
10570000000,48.51236691339643
10580000000,48.43051729810763
10590000000,48.45457194275447
10600000000,48.425686923341
10610000000,48.39681029642075
10620000000,48.36794212289337
10630000000,48.33908246378009
10640000000,48.31023137967323
10650000000,48.22880829758564
10660000000,48.25255517804327
10670000000,48.22373018087743
10680000000,48.19491399925379
10690000000,48.11373457801532
10700000000,48.13730832094386
10710000000,48.05625070837957
10720000000,48.07973861781581
10730000000,47.99880279834692
10740000000,48.02220536087031
10750000000,47.99345254601292
10760000000,47.96470901802656
10770000000,47.93597483469972
10780000000,47.90725005384751
10790000000,47.87853473310388
10800000000,47.79802505875063
10810000000,47.82113270081798
10820000000,47.79244610337475
10830000000,47.76376919410178
10840000000,47.73510202950956
10850000000,47.70644466612544
10860000000,47.62630007986407
10870000000,47.64915956648284
10880000000,47.62053194191216
10890000000,47.5405698312973
10900000000,47.51201304550147
10910000000,47.53470943479012
10920000000,47.45492975093847
10930000000,47.47754528593656
10940000000,47.44897863220876
10950000000,47.42042233148211
10960000000,47.39187643770504
10970000000,47.36334100484881
10980000000,47.33481608647412
10990000000,47.30630173614438
11000000000,47.27779800705235
11010000000,47.24930495216422
11020000000,47.22082262444606
11030000000,47.19235107648777
11040000000,47.16389036080649
11050000000,47.13544052955321
11060000000,47.10700163474451
11070000000,47.07857372823436
11080000000,47.05015686168201
11090000000,47.02175108651169
11100000000,46.99335645396336
11110000000,46.96497301498344
11120000000,46.93660082054387
11130000000,46.90823992109981
11140000000,46.87989036719236
11150000000,46.85155220897806
11160000000,46.82322549655128
11170000000,46.79491027962889
11180000000,46.76660660785868
11190000000,46.73831453074742
11200000000,46.71003409745727
11210000000,46.68176535707666
11220000000,46.65350835830409
11230000000,46.62526314980527
11240000000,46.59702978006431
11250000000,46.56880829728794
11260000000,46.5405987494469
11270000000,46.51240118444082
11280000000,46.4842156498644
11290000000,46.45604219313581
11300000000,46.42788086159968
11310000000,46.39973170218332
11320000000,46.27322547921541
11330000000,46.34347008704483
11340000000,46.3153577243248
11350000000,46.28725772003939
11360000000,46.25917012018513
11370000000,46.23109497061608
11380000000,46.20303231695703
11390000000,46.17498220468553
11400000000,46.14694467916171
11410000000,46.11891978545292
11420000000,46.09090756839373
11430000000,46.06290807272095
11440000000,46.03492134291513
11450000000,46.00694742327664
11460000000,45.97898635795392
11470000000,45.95103819081828
11480000000,45.92310296568395
11490000000,45.89518072601309
11500000000,45.86727151512874
11510000000,45.83937537626167
11520000000,45.81149235237032
11530000000,45.78362248614744
11540000000,45.75576582024036
11550000000,45.72792239700008
11560000000,45.70009225860301
11570000000,45.6722754471603
11580000000,45.64447200437013
11590000000,45.61668197193456
11600000000,45.58890539121683
11610000000,45.56114230356588
11620000000,45.53339274995344
11630000000,45.50565677130755
11640000000,45.47793440827385
11650000000,45.4502257013744
11660000000,45.42253069094903
11670000000,45.39484941698795
11680000000,45.36718191959453
11690000000,45.33952823838717
11700000000,45.31188841293111
11710000000,45.28426248271825
11720000000,45.25665048681503
11730000000,45.22905246428415
11740000000,45.20146845394338
11750000000,45.17389849441973
11760000000,45.14634262406367
11770000000,45.11880088132199
11780000000,45.09127330411744
11790000000,45.06375993046009
11800000000,45.03626079798786
11810000000,45.00877594428431
11820000000,44.98130540661252
11830000000,44.95384922228249
11840000000,44.83290346743269
11850000000,44.89898006094613
11860000000,44.87156715748984
11870000000,44.84416875410955
11880000000,44.81678488711514
11890000000,44.78941559253993
11900000000,44.76206090629274
11910000000,44.73472086404563
11920000000,44.7073955014772
11930000000,44.68008485379129
11940000000,44.65278895620729
11950000000,44.62550784377761
11960000000,44.59824155131012
11970000000,44.57099011342916
11980000000,44.54375356463806
11990000000,44.51653193915082
12000000000,44.48932527126184
12010000000,44.37015805376398
12020000000,44.43495694334747
12030000000,44.40779535069112
12040000000,44.3806488503064
12050000000,44.26189725983446
12060000000,44.32640125874931
12070000000,44.29930023361342
12080000000,44.27221443253777
12090000000,44.24514388806259
12100000000,44.2180886326137
12110000000,44.19104869830655
12120000000,44.16402411717752
12130000000,44.13701492116117
12140000000,44.11002114189329
12150000000,44.08304281081066
12160000000,44.05607995931705
12170000000,44.0291326186057
12180000000,44.00220081959331
12190000000,43.97528459309833
12200000000,43.94838396985679
12210000000,43.92149898032255
12220000000,43.89462965478707
12230000000,43.86777602337383
12240000000,43.84093811615145
12250000000,43.81411596283719
12260000000,43.78730959317008
12270000000,43.76051903648646
12280000000,43.73374432225161
12290000000,43.70698547947304
12300000000,43.6802425372857
12310000000,43.65351552429323
12320000000,43.62680446932589
12330000000,43.60010940083318
12340000000,43.57343034705223
12350000000,43.54676733612901
12360000000,43.43119961325751
12370000000,43.49348955480836
12380000000,43.46687483992159
12390000000,43.35161170374634
12400000000,43.41369389903561
12410000000,43.38712772762285
12420000000,43.36057779150984
12430000000,43.33404411776903
12440000000,43.3075267328601
12450000000,43.19287088537494
12460000000,43.25454093587973
12470000000,43.22807257639003
12480000000,43.20162061095071
12490000000,43.17518506553271
12500000000,43.14876596576387
12510000000,43.12236333730867
12520000000,43.09597720561575
12530000000,43.06960759578568
12540000000,43.04325453313258
12550000000,43.01691804243552
12560000000,42.99059814854036
12570000000,42.87714930552671
12580000000,42.93800824952845
12590000000,42.91173829317393
12600000000,42.88548503120673
12610000000,42.85924848765941
12620000000,42.8330286863642
12630000000,42.80682565105833
12640000000,42.78063940520532
12650000000,42.75446997230928
12660000000,42.72831737558933
12670000000,42.70218163807408
12680000000,42.67606278276303
12690000000,42.64996083241649
12700000000,42.62387580968671
12710000000,42.59780773702601
12720000000,42.57175663679475
12730000000,42.45990131302943
12740000000,42.51970544223686
12750000000,42.49370539188993
12760000000,42.46772240170544
12770000000,42.44175649349013
12780000000,42.41580768850822
12790000000,42.38987600820032
12800000000,42.3639614736505
12810000000,42.33806410583444
12820000000,42.31218392560761
12830000000,42.28632095371081
12840000000,42.26047521063228
12850000000,42.23464671693669
12860000000,42.20883549274356
12870000000,42.18304155823083
12880000000,42.15726493344432
12890000000,42.13150563811722
12900000000,42.10576369201815
12910000000,42.0800391146972
12920000000,42.05433192550041
12930000000,42.02864214373655
12940000000,42.00296978854453
12950000000,41.97731487890413
12960000000,41.95167743363114
12970000000,41.9260574714492
12980000000,41.90045501089939
12990000000,41.87487007042709
13000000000,41.84930266826459
13010000000,41.82375282260178
13020000000,41.79822055146506
13030000000,41.7727058726895
13040000000,41.74720880392607
13050000000,41.7217293629277
13060000000,41.6962675670076
13070000000,41.67082343351278
13080000000,41.64539697970029
13090000000,41.61998822242423
13100000000,41.59459717879346
13110000000,41.56922386544656
13120000000,41.46117595918849
13130000000,41.51853049629368
13140000000,41.4932104732339
13150000000,41.46790824627848
13160000000,41.44262383152908
13170000000,41.417357244916
13180000000,41.30988531627646
13190000000,41.28473231426062
13200000000,41.34166461146171
13210000000,41.31646949436684
13220000000,41.29129228329805
13230000000,41.26613299337992
13240000000,41.24099163964686
13250000000,41.21586823703873
13260000000,41.19076280039597
13270000000,41.16567534423743
13280000000,41.14060588321652
13290000000,41.11555443171541
13300000000,41.09052100395419
13310000000,41.06550561405911
13320000000,41.04050827615716
13330000000,41.01552900399631
13340000000,40.99056781150337
13350000000,40.96562471211701
13360000000,40.94069971954369
13370000000,40.91579284702306
13380000000,40.89090410790899
13390000000,40.78542732766902
13400000000,40.84118108213688
13410000000,40.81634682140341
13420000000,40.79153074584008
13430000000,40.76673286808634
13440000000,40.74195320062009
13450000000,40.71719175587029
13460000000,40.61237280541756
13470000000,40.58772327540599
13480000000,40.64301688010451
13490000000,40.61832844769415
13500000000,40.5936582982166
13510000000,40.56900644327268
13520000000,40.54437289437542
13530000000,40.51975766300404
13540000000,40.4951607604872
13550000000,40.47058219794518
13560000000,40.44602198647135
13570000000,40.42148013703335
13580000000,40.39695666053647
13590000000,40.37245156756651
13600000000,40.34796486882271
13610000000,40.32349657477712
13620000000,40.29904669573989
13630000000,40.19581020476568
13640000000,40.25020222388533
13650000000,40.22580765112816
13660000000,40.20143153374433
13670000000,40.17707388155453
13680000000,40.15273470421931
13690000000,40.05005159160557
13700000000,40.10411181243045
13710000000,40.00161256183688
13720000000,40.05556293336286
13730000000,40.03131627170963
13740000000,40.00708814059169
13750000000,39.98287854898093
13760000000,39.9586875056447
13770000000,39.93451501925616
13780000000,39.91036109838159
13790000000,39.88622575149318
13800000000,39.86210898685279
13810000000,39.83801081284938
13820000000,39.81393123746541
13830000000,39.78987026875369
13840000000,39.76582791468758
13850000000,39.7418041830532
13860000000,39.71779908148586
13870000000,39.69381261758151
13880000000,39.66984479890188
13890000000,39.64589563278091
13900000000,39.62196512647429
13910000000,39.59805328714673
13920000000,39.57416012185996
13930000000,39.55028563757266
13940000000,39.44987925900345
13950000000,39.50259273937213
13960000000,39.47877433886406
13970000000,39.45497464608757
13980000000,39.43119366757004
13990000000,39.40743140954935
14000000000,39.30756445877455
14010000000,39.35996308011143
14020000000,39.33625702078652
14030000000,39.31256970637389
14040000000,39.28890114261715
14050000000,39.18948164196826
14060000000,39.24162029008531
14070000000,39.21800801246159
14080000000,39.19441450782599
14090000000,39.17083978151455
14100000000,39.14728383880281
14110000000,39.12374668480083
14120000000,39.10022832452621
14130000000,39.07672876291455
14140000000,39.05324800481922
14150000000,38.95471774149277
14160000000,39.006342918035
14170000000,38.98291859854031
14180000000,38.95951310093839
14190000000,38.93612642962134
14200000000,38.9127585887456
14210000000,38.88940958260798
14220000000,38.79149728610317
14230000000,38.84276809055225
14240000000,38.81947561254755
14250000000,38.79620198490241
14260000000,38.77294721137275
14270000000,38.74971129557509
14280000000,38.72649424098861
14290000000,38.70329605099375
14300000000,38.68011672906636
14310000000,38.65695627825704
14320000000,38.63381470190441
14330000000,38.61069200283253
14340000000,38.58758818422901
14350000000,38.56450324882243
14360000000,38.46781575015994
14370000000,38.51839003880676
14380000000,38.42187629787321
14390000000,38.47235239401531
14400000000,38.37601210723829
14410000000,38.42639033427893
14420000000,38.40343765459635
14430000000,38.3805038779297
14440000000,38.35758900640771
14450000000,38.33469304193029
14460000000,38.31181598646544
14470000000,38.28895784189589
14480000000,38.26611860978982
14490000000,38.24329829195258
14500000000,38.22049688987533
14510000000,38.19771440504515
14520000000,38.17495083886138
14530000000,38.15220619261289
14540000000,38.12948046750587
14550000000,38.10677366476036
14560000000,38.08408578533102
14570000000,38.06141683027086
14580000000,37.96662396052366
14590000000,37.9440591764429
14600000000,37.99352351965585
14610000000,37.97093027005689
14620000000,37.94835594846583
14630000000,37.92580055534567
14640000000,37.90326409109691
14650000000,37.88074655599456
14660000000,37.78663352393232
14670000000,37.76421955591346
14680000000,37.8133075279709
14690000000,37.79086571135697
14700000000,37.7684428243104
14710000000,37.7460388667567
14720000000,37.6524325199232
14730000000,37.70128773902496
14740000000,37.67894056815544
14750000000,37.65661232533098
14760000000,37.63430301007254
14770000000,37.61201262175596
14780000000,37.58974115962427
14790000000,37.49672248640847
14800000000,37.54525501091899
14810000000,37.52304032257693
14820000000,37.5008445568768
14830000000,37.47866771287112
14840000000,37.45650978934943
14850000000,37.43437078505383
14860000000,37.34193606053962
14870000000,37.39014952901719
14880000000,37.36806727449915
14890000000,37.34600393363624
14900000000,37.323959504832
14910000000,37.23193960652562
14920000000,37.27992737670886
14930000000,37.18807287702298
14940000000,37.1661677595739
14950000000,37.21402098130852
14960000000,37.19208998759781
14970000000,37.17017789288398
14980000000,37.14828469497635
14990000000,37.12641039163127
15000000000,37.10455498061311
15010000000,37.08271845951565
15020000000,37.06090082591643
15030000000,37.03910207731192
15040000000,37.01732221109718
15050000000,36.99556122470974
15060000000,36.97381911535281
15070000000,36.95209588034943
15080000000,36.86147218854499
15090000000,36.90870602176141
15100000000,36.88703939233552
15110000000,36.79665981316761
15120000000,36.84376271794759
15130000000,36.75354550143869
15140000000,36.73201651778771
15150000000,36.77898912003882
15160000000,36.7574356179021
15170000000,36.6675422170511
15180000000,36.71438513877687
15190000000,36.69288815472349
15200000000,36.67141000298073
15210000000,36.64995067962612
15220000000,36.62851018115501
15230000000,36.60708850360154
15240000000,36.58568564305298
15250000000,36.56430159567014
15260000000,36.4751323494126
15270000000,36.52158992420055
15280000000,36.50026229189275
15290000000,36.47895345634623
15300000000,36.39010408909937
15310000000,36.43639215832484
15320000000,36.41513968722209
15330000000,36.39390599541049
15340000000,36.37269107850848
15350000000,36.35149493191038
15360000000,36.33031755100469
15370000000,36.30915893112871
15380000000,36.2209456944137
15390000000,36.26689795543115
15400000000,36.24579559000449
15410000000,36.2247119662985
15420000000,36.20364707936092
15430000000,36.1826009242512
15440000000,36.16157349573228
15450000000,36.07391291081749
15460000000,36.11957479819702
15470000000,36.09860351870157
15480000000,36.07765094494778
15490000000,36.05671707168157
15500000000,36.03580189336238
15510000000,36.01490540455464
15520000000,35.92779377916593
15530000000,35.97316847342871
15540000000,35.95232801983369
15550000000,35.93150623331454
15560000000,35.91070310810417
15570000000,35.88991863840769
15580000000,35.86915281841551
15590000000,35.84840564216439
15600000000,35.76191688607187
15610000000,35.80696719698642
15620000000,35.78627591599105
15630000000,35.76560325459416
15640000000,35.67942413098863
15650000000,35.72431376573913
15660000000,35.70369692580127
15670000000,35.6177492392173
15680000000,35.66251902326532
15690000000,35.64195794783974
15700000000,35.62141544769759
15710000000,35.6008915162475
15720000000,35.58038614701648
15730000000,35.55989933322513
15740000000,35.53943106831783
15750000000,35.51898134552349
15760000000,35.49855015800323
15770000000,35.47813749897232
15780000000,35.45774336153967
15790000000,35.43736773879812
15800000000,35.41701062373774
15810000000,35.33213407209371
15820000000,35.37635188852175
15830000000,35.35605025417294
15840000000,35.33576709911505
15850000000,35.31550241614207
15860000000,35.23100486670246
15870000000,35.27502843734213
15880000000,35.25481912681696
15890000000,35.23462825908003
15900000000,35.1504325710568
15910000000,35.19430182195105
15920000000,35.11025661850351
15930000000,35.15404906574503
15940000000,35.07015404973097
15950000000,35.11386992972966
15960000000,35.09380794996927
15970000000,35.07376435216189
15980000000,35.05373912837754
15990000000,34.97021828215055
16000000000,35.01374377156461
16010000000,34.99377362265771
16020000000,34.97382181612834
16030000000,34.95388834401722
16040000000,34.93397319813908
16050000000,34.91407637042946
16060000000,34.89419785276514
16070000000,34.87433763692865
16080000000,34.8544957146473
16090000000,34.83467207765782
16100000000,34.75196788973789
16110000000,34.73223632814656
16120000000,34.77531079501047
16130000000,34.7555602155497
16140000000,34.73582787938687
16150000000,34.6534919465672
16160000000,34.69641790264377
16170000000,34.6767402449231
16180000000,34.65708079613692
16190000000,34.57503814206368
16200000000,34.61781649042992
16210000000,34.59821161606869
16220000000,34.57862491562254
16230000000,34.55905638024638
16240000000,34.53950600109101
16250000000,34.51997376920205
16260000000,34.50045967562198
16270000000,34.48096371134606
16280000000,34.39957663880613
16290000000,34.4420261346224
16300000000,34.36078394082931
16310000000,34.40316096628167
16320000000,34.38375551231424
16330000000,34.36436813291251
16340000000,34.34499881884535
16350000000,34.32564756070781
16360000000,34.30631434925039
16370000000,34.28699917513605
16380000000,34.26770202888417
16390000000,34.18710817389569
16400000000,34.22916178229896
16410000000,34.20991866297655
16420000000,34.19069353359853
16430000000,34.17148638460469
16440000000,34.09125016776143
16450000000,34.13312598917553
16460000000,34.11397272344962
16470000000,34.0948373993965
16480000000,34.07572000736879
16490000000,34.05662053749701
16500000000,34.037538979963
16510000000,33.95780040694623
16520000000,33.99942956260324
16530000000,33.91983252157468
16540000000,33.96139167607845
16550000000,33.94239953204076
16560000000,33.92342524078123
16570000000,33.90446879224493
16580000000,33.88553017640991
16590000000,33.86660938312859
16600000000,33.84770640226139
16610000000,33.82882122368927
16620000000,33.80995383712266
16630000000,33.79110423239768
16640000000,33.77227239925187
16650000000,33.7534583273428
16660000000,33.73466200641156
16670000000,33.71588342610373
16680000000,33.63733867777992
16690000000,33.6783794456413
16700000000,33.65965402468149
16710000000,33.64094630259534
16720000000,33.62225626891628
16730000000,33.54405869224213
16740000000,33.58492922454156
16750000000,33.56629219272989
16760000000,33.54767280697914
16770000000,33.52907105669868
16780000000,33.51048693116708
16790000000,33.49192041973394
16800000000,33.41420588055021
16810000000,33.45484019610737
16820000000,33.43632646242198
16830000000,33.41783029972153
16840000000,33.39935169715022
16850000000,33.38089064387001
16860000000,33.36244712899074
16870000000,33.34402114162716
16880000000,33.32561267079276
16890000000,33.30722170549615
16900000000,33.28884823476143
16910000000,33.27049224759292
16920000000,33.25215373285808
16930000000,33.23383267960472
16940000000,33.15707375834743
16950000000,33.19724291284676
16960000000,33.17897417711569
16970000000,33.16072285820007
16980000000,33.08423442237262
16990000000,33.12427242620837
17000000000,33.10607329060687
17010000000,33.08789152693655
17020000000,33.06972712383488
17030000000,33.05158007002588
17040000000,33.03345035420334
17050000000,32.95743255639219
17060000000,32.99724289080299
17070000000,32.97916512044574
17080000000,32.96110464244536
17090000000,32.94306144529662
17100000000,32.86737771174015
17110000000,32.90702684756718
17120000000,32.88903542399317
17130000000,32.87106123521043
17140000000,32.79564349392588
17150000000,32.83516451556539
17160000000,32.81724196157556
17170000000,32.7993365959028
17180000000,32.72418373083288
17190000000,32.76357738291811
17200000000,32.74572351221853
17210000000,32.72788678306036
17220000000,32.65299768094575
17230000000,32.692264702443
17240000000,32.6744793273803
17250000000,32.59978731871875
17260000000,32.63895984880458
17270000000,32.62122572157218
17280000000,32.6035086532419
17290000000,32.58580863191673
17300000000,32.511443727982
17310000000,32.55045968256484
17320000000,32.47622513708452
17330000000,32.45864126099707
17340000000,32.49756381258815
17350000000,32.47996582240678
17360000000,32.46238479541582
17370000000,32.38847494075103
17380000000,32.42727358288926
17390000000,32.35349312340765
17400000000,32.33602750843228
17410000000,32.37473368639927
17420000000,32.35725418507284
17430000000,32.33979156221237
17440000000,32.32234580571164
17450000000,32.30491690328424
17460000000,32.23158716908885
17470000000,32.27010961206391
17480000000,32.25273119875511
17490000000,32.17959360777589
17500000000,32.16229591110994
17510000000,32.20069674080048
17520000000,32.1833854745401
17530000000,32.16609096417625
17540000000,32.14881319750823
17550000000,32.13155216210941
17560000000,32.1143078456
17570000000,32.09708023557973
17580000000,32.0798693196452
17590000000,32.06267508533973
17600000000,32.04549752030197
17610000000,32.02833661203621
17620000000,31.95602457611545
17630000000,31.99406471588444
17640000000,31.97695370300508
17650000000,31.95985929691949
17660000000,31.94278148512113
17670000000,31.92572025496679
17680000000,31.85378539265181
17690000000,31.89164748960603
17700000000,31.87463592920797
17710000000,31.8576409001388
17720000000,31.84066238982433
17730000000,31.82370038567629
17740000000,31.80675487495621
17750000000,31.73525699362897
17760000000,31.77291328331395
17770000000,31.75601717705004
17780000000,31.68470557019369
17790000000,31.66788786480087
17800000000,31.70542746381421
17810000000,31.68859705214806
17820000000,31.61753287846385
17830000000,31.6007805506955
17840000000,31.63820411704486
17850000000,31.6214391960099
17860000000,31.60469061561859
17870000000,31.58795836310442
17880000000,31.51726334693584
17890000000,31.5545427903207
17900000000,31.53785944433339
17910000000,31.46734811340676
17920000000,31.50454156891859
17930000000,31.48790701368023
17940000000,31.47128869628103
17950000000,31.45468660374446
17960000000,31.384480096167
17970000000,31.42153104167733
17980000000,31.40497754624438
17990000000,31.38844022394672
18000000000,31.37191906180972
18010000000,31.35541404689668
18020000000,31.33892516613398
18030000000,31.32245240664067
18040000000,31.30599575527664
18050000000,31.23633379410792
18060000000,31.27313072514147
18070000000,31.25672232027022
18080000000,31.24032997145312
18090000000,31.22395366564455
18100000000,31.20759338977634
18110000000,31.19124913074504
18120000000,31.17492087549649
18130000000,31.158608610922
18140000000,31.14231232391194
18150000000,31.12603200135383
18160000000,31.10976763011734
18170000000,31.04082351750532
18180000000,31.07728668906707
18190000000,31.00846131108044
18200000000,31.04486939562793
18210000000,31.02868458383433
18220000000,31.0125156444756
18230000000,30.99636256430717
18240000000,30.92783289511354
18250000000,30.91175460986426
18260000000,30.89569209321816
18270000000,30.9319085717559
18280000000,30.91583458956452
18290000000,30.89977638732066
18300000000,30.8315994500715
18310000000,30.86770726963159
18320000000,30.79964739796369
18330000000,30.83570111270453
18340000000,30.81972161136094
18350000000,30.75183685976658
18360000000,30.78780969644171
18370000000,30.7200413734637
18380000000,30.70416705233351
18390000000,30.68830832826137
18400000000,30.67246518796437
18410000000,30.70830396782901
18420000000,30.69244969710285
18430000000,30.67661102028496
18440000000,30.60924819948835
18450000000,30.59348277918039
18460000000,30.62918841983224
18470000000,30.61341198522483
18480000000,30.59765107771762
18490000000,30.58190568405433
18500000000,30.56617579078062
18510000000,30.55046138454194
18520000000,30.53476245197646
18530000000,30.51907897965041
18540000000,30.50341095419372
18550000000,30.43667910886925
18560000000,30.42108350206478
18570000000,30.45649942503013
18580000000,30.44089305294155
18590000000,30.37438877381843
18600000000,30.40972643485215
18610000000,30.39416616197121
18620000000,30.37862122859515
18630000000,30.36309162128842
18640000000,30.34757732662604
18650000000,30.33207833111702
18660000000,30.31659462140192
18670000000,30.30112618393078
18680000000,30.23513028974065
18690000000,30.21973328857179
18700000000,30.25481237049093
18710000000,30.23940488748777
18720000000,30.2240126093773
18730000000,30.20863552269124
18740000000,30.19327361399374
18750000000,30.17792686978895
18760000000,30.16259527651113
18770000000,30.0971027619183
18780000000,30.08184192999882
18790000000,30.11669126769125
18800000000,30.05136544100562
18810000000,30.08616410252999
18820000000,30.07092313165106
18830000000,30.05569721718257
18840000000,30.04048634571267
18850000000,30.02529050360809
18860000000,30.01010967738087
18870000000,29.99494385354199
18880000000,29.97979301852278
18890000000,29.96465715881538
18900000000,29.94953626086328
18910000000,29.93443031114915
18920000000,29.9193392961228
18930000000,29.85472944674961
18940000000,29.88920201607558
18950000000,29.82470140811582
18960000000,29.85912431232585
18970000000,29.84410776770138
18980000000,29.82910607649512
18990000000,29.81411922520264
19000000000,29.79914720021829
19010000000,29.7841899880553
19020000000,29.76924757507367
19030000000,29.75431994777866
19040000000,29.69030794913191
19050000000,29.67544908429564
19060000000,29.70962564430413
19070000000,29.69475702409116
19080000000,29.63096062884112
19090000000,29.66506392370179
19100000000,29.65023941640262
19110000000,29.58660409832631
19120000000,29.62063441975
19130000000,29.60585390329911
19140000000,29.59108802327043
19150000000,29.57633676620054
19160000000,29.56160011842567
19170000000,29.54687806644988
19180000000,29.53217059665815
19190000000,29.51747769547063
19200000000,29.50279934936865
19210000000,29.48813554481226
19220000000,29.47348626810582
19230000000,29.41048993116179
19240000000,29.44423124424619
19250000000,29.42962546990233
19260000000,29.41503416924235
19270000000,29.40045732860778
19280000000,29.3858949344638
19290000000,29.37134697332446
19300000000,29.3568134315104
19310000000,29.34229429547362
19320000000,29.3277895517249
19330000000,29.31329918662176
19340000000,29.2988231866164
19350000000,29.28436153809988
19360000000,29.26991422761592
19370000000,29.2554812414749
19380000000,29.2410625662372
19390000000,29.22665818826223
19400000000,29.21226809400445
19410000000,29.19789226992168
19420000000,29.18353070245425
19430000000,29.16918337798783
19440000000,29.10728498376232
19450000000,29.09300353530494
19460000000,29.12622672742303
19470000000,29.06448310039125
19480000000,29.0976599271161
19490000000,29.03601919162983
19500000000,29.02180840079143
19510000000,29.00761170101759
19520000000,28.99342907875334
19530000000,28.9792605206107
19540000000,29.01229897446466
19550000000,28.9981215096918
19560000000,28.93683909575044
19570000000,28.96980876742835
19580000000,28.95567346292888
19590000000,28.94155218474339
19600000000,28.92744491937004
19610000000,28.91335165332187
19620000000,28.89927237303367
19630000000,28.88520706504107
19640000000,28.87115571577621
19650000000,28.85711831172921
19660000000,28.84309483937344
19670000000,28.82908528523689
19680000000,28.81508963579931
19690000000,28.80110787753429
19700000000,28.78713999700319
19710000000,28.77318598063049
19720000000,28.75924581498285
19730000000,28.74531948651465
19740000000,28.73140698176392
19750000000,28.71750828721413
19760000000,28.70362338943182
19770000000,28.68975227489723
19780000000,28.67589493015102
19790000000,28.66205134173789
19800000000,28.64822149614068
19810000000,28.63440537988121
19820000000,28.6206029795306
19830000000,28.60681428166879
19840000000,28.59303927276266
19850000000,28.57927793940026
19860000000,28.56553026809304
19870000000,28.55179624541427
19880000000,28.5380758579463
19890000000,28.52436909223652
19900000000,28.51067593481519
19910000000,28.45114377624442
19920000000,28.48333039121719
19930000000,28.46967797815493
19940000000,28.41029268349206
19950000000,28.44241380248609
19960000000,28.4288020130404
19970000000,28.41520373792235
19980000000,28.40161896381407
19990000000,28.38804767727228
20000000000,28.37448986490631
